"rgn_id","species_code","year","tonnes"
2,803,2003,145.244532304329
9,803,2003,26.7124108658665
6,803,2003,83.2097691606712
1,803,2003,10.4306807718876
4,803,2003,89.2668439888723
8,803,2003,121.299937603863
5,803,2003,156.87709991093
7,803,2003,26.7730284289664
10,803,2003,46.5514855129064
3,803,2003,33.6342114517079
2,803,2004,251.233785607488
9,803,2004,46.2052512274447
6,803,2004,143.930411521161
1,803,2004,18.0422586324543
4,803,2004,154.407513926698
8,803,2004,209.816108287763
5,803,2004,271.354983629716
7,803,2004,46.3101032284824
10,803,2004,80.521488454757
3,803,2004,58.1780954840353
2,803,2005,131.505184653919
9,803,2005,24.1855611893656
6,803,2005,75.3385747806077
1,803,2005,9.44399475292529
4,803,2005,80.822683071006
8,803,2005,109.825619181876
5,803,2005,142.03737424368
7,803,2005,24.2404446586588
10,803,2005,42.1479666130369
3,803,2005,30.4525968549247
2,803,2006,100.100961452983
9,803,2006,18.409904785935
6,803,2006,57.3472733404626
1,803,2006,7.18871242386851
4,803,2006,61.5217438301688
8,803,2006,83.5986056459057
5,803,2006,108.118001289965
7,803,2006,18.4516817550985
10,803,2006,32.0827805561922
3,803,2006,23.1803349194203
2,803,2007,160.946643904797
9,803,2007,29.6002390675818
6,803,2007,92.2054198807438
1,803,2007,11.558321936416
4,803,2007,98.9173136092909
8,803,2007,134.413444371848
5,803,2007,173.836786387787
7,803,2007,29.6674098807466
10,803,2007,51.5840785413287
3,803,2007,37.2703424194601
2,803,2008,125.616892803744
9,803,2008,23.1026256137224
6,803,2008,71.9652057605805
1,803,2008,9.02112931622714
4,803,2008,77.203756963349
8,803,2008,104.908054143882
5,803,2008,135.677491814858
7,803,2008,23.1550516142412
10,803,2008,40.2607442273785
3,803,2008,29.0890477420177
2,803,2009,94.2126696028078
9,803,2009,17.3269692102918
6,803,2009,53.9739043204354
1,803,2009,6.76584698717036
4,803,2009,57.9028177225118
8,803,2009,78.6810406079113
5,803,2009,101.758118861144
7,803,2009,17.3662887106809
10,803,2009,30.1955581705339
3,803,2009,21.8167858065132
2,803,2010,70.6595022021059
9,803,2010,12.9952269077188
6,803,2010,40.4804282403265
1,803,2010,5.07438524037777
4,803,2010,43.4271132918838
8,803,2010,59.0107804559334
5,803,2010,76.3185891458577
7,803,2010,13.0247165330107
10,803,2010,22.6466686279004
3,803,2010,16.3625893548849
2,803,2011,112.858927128364
9,803,2011,20.7562651998287
6,803,2011,64.6562395505216
1,803,2011,8.10492087004783
4,803,2011,69.3627503967589
8,803,2011,94.2533298948937
5,803,2011,121.897746552412
7,803,2011,20.8033666846698
10,803,2011,36.1717623917854
3,803,2011,26.134691330719
2,803,2012,108.933399228247
9,803,2012,20.0343081493999
6,803,2012,62.4073268705034
1,803,2012,7.82301057891573
4,803,2012,66.9501329916542
8,803,2012,90.9749532028974
5,803,2012,117.657824933197
7,803,2012,20.0797713217248
10,803,2012,34.9136141346798
3,803,2012,25.2256585887809
2,804,2003,2.94414592508774
9,804,2003,0.541467787821618
6,804,2003,1.68668451001361
1,804,2003,0.211432718349074
4,804,2003,1.80946305382849
8,804,2003,2.45878251899723
5,804,2003,3.17994121441074
7,804,2003,0.542696522208779
10,804,2003,0.943611192829184
3,804,2003,0.681774556453539
2,804,2004,2.3553167400702
9,804,2004,0.433174230257294
6,804,2004,1.34934760801088
1,804,2004,0.169146174679259
4,804,2004,1.44757044306279
8,804,2004,1.96702601519778
5,804,2004,2.54395297152859
7,804,2004,0.434157217767023
10,804,2004,0.754888954263347
3,804,2004,0.545419645162831
2,804,2005,0
9,804,2005,0
6,804,2005,0
1,804,2005,0
4,804,2005,0
8,804,2005,0
5,804,2005,0
7,804,2005,0
10,804,2005,0
3,804,2005,0
2,804,2006,0
9,804,2006,0
6,804,2006,0
1,804,2006,0
4,804,2006,0
8,804,2006,0
5,804,2006,0
7,804,2006,0
10,804,2006,0
3,804,2006,0
2,804,2007,0
9,804,2007,0
6,804,2007,0
1,804,2007,0
4,804,2007,0
8,804,2007,0
5,804,2007,0
7,804,2007,0
10,804,2007,0
3,804,2007,0
2,804,2008,0
9,804,2008,0
6,804,2008,0
1,804,2008,0
4,804,2008,0
8,804,2008,0
5,804,2008,0
7,804,2008,0
10,804,2008,0
3,804,2008,0
2,804,2009,21.5904034506435
9,804,2009,3.97076377735853
6,804,2009,12.3690197400998
1,804,2009,1.55050660122654
4,804,2009,13.2693957280756
8,804,2009,18.0310718059797
5,804,2009,23.3195689056788
7,804,2009,3.97977449619771
10,804,2009,6.91981541408068
3,804,2009,4.99968008065929
2,804,2010,0
9,804,2010,0
6,804,2010,0
1,804,2010,0
4,804,2010,0
8,804,2010,0
5,804,2010,0
7,804,2010,0
10,804,2010,0
3,804,2010,0
2,804,2011,0
9,804,2011,0
6,804,2011,0
1,804,2011,0
4,804,2011,0
8,804,2011,0
5,804,2011,0
7,804,2011,0
10,804,2011,0
3,804,2011,0
2,804,2012,0.785105580023398
9,804,2012,0.144391410085765
6,804,2012,0.449782536003628
1,804,2012,0.0563820582264197
4,804,2012,0.482523481020931
8,804,2012,0.655675338399261
5,804,2012,0.847984323842864
7,804,2012,0.144719072589008
10,804,2012,0.251629651421116
3,804,2012,0.18180654838761
2,805,2003,0
9,805,2003,0
6,805,2003,0
1,805,2003,0
4,805,2003,0
8,805,2003,0
5,805,2003,0
7,805,2003,0
10,805,2003,0
3,805,2003,0
2,805,2004,0
9,805,2004,0
6,805,2004,0
1,805,2004,0
4,805,2004,0
8,805,2004,0
5,805,2004,0
7,805,2004,0
10,805,2004,0
3,805,2004,0
2,805,2005,0
9,805,2005,0
6,805,2005,0
1,805,2005,0
4,805,2005,0
8,805,2005,0
5,805,2005,0
7,805,2005,0
10,805,2005,0
3,805,2005,0
2,805,2006,0
9,805,2006,0
6,805,2006,0
1,805,2006,0
4,805,2006,0
8,805,2006,0
5,805,2006,0
7,805,2006,0
10,805,2006,0
3,805,2006,0
2,805,2007,0
9,805,2007,0
6,805,2007,0
1,805,2007,0
4,805,2007,0
8,805,2007,0
5,805,2007,0
7,805,2007,0
10,805,2007,0
3,805,2007,0
2,805,2008,0
9,805,2008,0
6,805,2008,0
1,805,2008,0
4,805,2008,0
8,805,2008,0
5,805,2008,0
7,805,2008,0
10,805,2008,0
3,805,2008,0
2,805,2009,0
9,805,2009,0
6,805,2009,0
1,805,2009,0
4,805,2009,0
8,805,2009,0
5,805,2009,0
7,805,2009,0
10,805,2009,0
3,805,2009,0
2,805,2010,0
9,805,2010,0
6,805,2010,0
1,805,2010,0
4,805,2010,0
8,805,2010,0
5,805,2010,0
7,805,2010,0
10,805,2010,0
3,805,2010,0
2,805,2011,0
9,805,2011,0
6,805,2011,0
1,805,2011,0
4,805,2011,0
8,805,2011,0
5,805,2011,0
7,805,2011,0
10,805,2011,0
3,805,2011,0
2,805,2012,0
9,805,2012,0
6,805,2012,0
1,805,2012,0
4,805,2012,0
8,805,2012,0
5,805,2012,0
7,805,2012,0
10,805,2012,0
3,805,2012,0
2,806,2003,4.31808069012869
9,806,2003,0.794152755471706
6,806,2003,2.47380394801996
1,806,2003,0.310101320245308
4,806,2003,2.65387914561512
8,806,2003,3.60621436119593
5,806,2003,4.66391378113575
7,806,2003,0.795954899239542
10,806,2003,1.38396308281614
3,806,2003,0.999936016131857
2,806,2004,19.627639500585
9,806,2004,3.60978525214412
6,806,2004,11.2445634000907
1,806,2004,1.40955145566049
4,806,2004,12.0630870255233
8,806,2004,16.3918834599815
5,806,2004,21.1996080960716
7,806,2004,3.61797681472519
10,806,2004,6.29074128552789
3,806,2004,4.54516370969026
2,806,2005,23.1606146106903
9,806,2005,4.25954659753006
6,806,2005,13.268584812107
1,806,2005,1.66327071767938
4,806,2005,14.2344426901175
8,806,2005,19.3424224827782
5,806,2005,25.0155375533645
7,806,2005,4.26921264137572
10,806,2005,7.42307471692291
3,806,2005,5.36329317743451
2,806,2006,26.3010369307838
9,806,2006,4.83711223787312
6,806,2006,15.0677149561215
1,806,2006,1.88879895058506
4,806,2006,16.1645366142012
8,806,2006,21.9651238363752
5,806,2006,28.4074748487359
7,806,2006,4.84808893173175
10,806,2006,8.42959332260737
3,806,2006,6.09051937098495
2,806,2007,38.0776206311348
9,806,2007,7.00298338915959
6,806,2007,21.814452996176
1,806,2007,2.73452982398135
4,806,2007,23.4023888295152
8,806,2007,31.8002539123641
5,806,2007,41.1272397063789
7,806,2007,7.01887502056687
10,806,2007,12.2040380939241
3,806,2007,8.8176175967991
2,806,2008,39.2552790011699
9,806,2008,7.21957050428824
6,806,2008,22.4891268001814
1,806,2008,2.81910291132098
4,806,2008,24.1261740510466
8,806,2008,32.783766919963
5,806,2008,42.3992161921432
7,806,2008,7.23595362945038
10,806,2008,12.5814825710558
3,806,2008,9.09032741938052
2,806,2009,0
9,806,2009,0
6,806,2009,0
1,806,2009,0
4,806,2009,0
8,806,2009,0
5,806,2009,0
7,806,2009,0
10,806,2009,0
3,806,2009,0
2,806,2010,0
9,806,2010,0
6,806,2010,0
1,806,2010,0
4,806,2010,0
8,806,2010,0
5,806,2010,0
7,806,2010,0
10,806,2010,0
3,806,2010,0
2,806,2011,0
9,806,2011,0
6,806,2011,0
1,806,2011,0
4,806,2011,0
8,806,2011,0
5,806,2011,0
7,806,2011,0
10,806,2011,0
3,806,2011,0
2,806,2012,0
9,806,2012,0
6,806,2012,0
1,806,2012,0
4,806,2012,0
8,806,2012,0
5,806,2012,0
7,806,2012,0
10,806,2012,0
3,806,2012,0
2,807,2003,1.9627639500585
9,807,2003,0.360978525214412
6,807,2003,1.12445634000907
1,807,2003,0.140955145566049
4,807,2003,1.20630870255233
8,807,2003,1.63918834599815
5,807,2003,2.11996080960716
7,807,2003,0.361797681472519
10,807,2003,0.629074128552789
3,807,2003,0.454516370969026
2,807,2004,0
9,807,2004,0
6,807,2004,0
1,807,2004,0
4,807,2004,0
8,807,2004,0
5,807,2004,0
7,807,2004,0
10,807,2004,0
3,807,2004,0
2,807,2005,0
9,807,2005,0
6,807,2005,0
1,807,2005,0
4,807,2005,0
8,807,2005,0
5,807,2005,0
7,807,2005,0
10,807,2005,0
3,807,2005,0
2,807,2006,0
9,807,2006,0
6,807,2006,0
1,807,2006,0
4,807,2006,0
8,807,2006,0
5,807,2006,0
7,807,2006,0
10,807,2006,0
3,807,2006,0
2,807,2007,0
9,807,2007,0
6,807,2007,0
1,807,2007,0
4,807,2007,0
8,807,2007,0
5,807,2007,0
7,807,2007,0
10,807,2007,0
3,807,2007,0
2,807,2008,0
9,807,2008,0
6,807,2008,0
1,807,2008,0
4,807,2008,0
8,807,2008,0
5,807,2008,0
7,807,2008,0
10,807,2008,0
3,807,2008,0
2,807,2009,0
9,807,2009,0
6,807,2009,0
1,807,2009,0
4,807,2009,0
8,807,2009,0
5,807,2009,0
7,807,2009,0
10,807,2009,0
3,807,2009,0
2,807,2010,0
9,807,2010,0
6,807,2010,0
1,807,2010,0
4,807,2010,0
8,807,2010,0
5,807,2010,0
7,807,2010,0
10,807,2010,0
3,807,2010,0
2,807,2011,0
9,807,2011,0
6,807,2011,0
1,807,2011,0
4,807,2011,0
8,807,2011,0
5,807,2011,0
7,807,2011,0
10,807,2011,0
3,807,2011,0
2,807,2012,0
9,807,2012,0
6,807,2012,0
1,807,2012,0
4,807,2012,0
8,807,2012,0
5,807,2012,0
7,807,2012,0
10,807,2012,0
3,807,2012,0
2,808,2003,0
9,808,2003,0
6,808,2003,0
1,808,2003,0
4,808,2003,0
8,808,2003,0
5,808,2003,0
7,808,2003,0
10,808,2003,0
3,808,2003,0
2,808,2004,0
9,808,2004,0
6,808,2004,0
1,808,2004,0
4,808,2004,0
8,808,2004,0
5,808,2004,0
7,808,2004,0
10,808,2004,0
3,808,2004,0
2,808,2005,0
9,808,2005,0
6,808,2005,0
1,808,2005,0
4,808,2005,0
8,808,2005,0
5,808,2005,0
7,808,2005,0
10,808,2005,0
3,808,2005,0
2,808,2006,0.392552790011699
9,808,2006,0.0721957050428824
6,808,2006,0.224891268001814
1,808,2006,0.0281910291132098
4,808,2006,0.241261740510466
8,808,2006,0.32783766919963
5,808,2006,0.423992161921432
7,808,2006,0.0723595362945038
10,808,2006,0.125814825710558
3,808,2006,0.0909032741938052
2,808,2007,0
9,808,2007,0
6,808,2007,0
1,808,2007,0
4,808,2007,0
8,808,2007,0
5,808,2007,0
7,808,2007,0
10,808,2007,0
3,808,2007,0
2,808,2008,0
9,808,2008,0
6,808,2008,0
1,808,2008,0
4,808,2008,0
8,808,2008,0
5,808,2008,0
7,808,2008,0
10,808,2008,0
3,808,2008,0
2,808,2009,0
9,808,2009,0
6,808,2009,0
1,808,2009,0
4,808,2009,0
8,808,2009,0
5,808,2009,0
7,808,2009,0
10,808,2009,0
3,808,2009,0
2,808,2010,0
9,808,2010,0
6,808,2010,0
1,808,2010,0
4,808,2010,0
8,808,2010,0
5,808,2010,0
7,808,2010,0
10,808,2010,0
3,808,2010,0
2,808,2011,0
9,808,2011,0
6,808,2011,0
1,808,2011,0
4,808,2011,0
8,808,2011,0
5,808,2011,0
7,808,2011,0
10,808,2011,0
3,808,2011,0
2,808,2012,0
9,808,2012,0
6,808,2012,0
1,808,2012,0
4,808,2012,0
8,808,2012,0
5,808,2012,0
7,808,2012,0
10,808,2012,0
3,808,2012,0
2,809,2003,0
9,809,2003,0
6,809,2003,0
1,809,2003,0
4,809,2003,0
8,809,2003,0
5,809,2003,0
7,809,2003,0
10,809,2003,0
3,809,2003,0
2,809,2004,0
9,809,2004,0
6,809,2004,0
1,809,2004,0
4,809,2004,0
8,809,2004,0
5,809,2004,0
7,809,2004,0
10,809,2004,0
3,809,2004,0
2,809,2005,2.94414592508774
9,809,2005,0.541467787821618
6,809,2005,1.68668451001361
1,809,2005,0.211432718349074
4,809,2005,1.80946305382849
8,809,2005,2.45878251899723
5,809,2005,3.17994121441074
7,809,2005,0.542696522208779
10,809,2005,0.943611192829184
3,809,2005,0.681774556453539
2,809,2006,0.392552790011699
9,809,2006,0.0721957050428824
6,809,2006,0.224891268001814
1,809,2006,0.0281910291132098
4,809,2006,0.241261740510466
8,809,2006,0.32783766919963
5,809,2006,0.423992161921432
7,809,2006,0.0723595362945038
10,809,2006,0.125814825710558
3,809,2006,0.0909032741938052
2,809,2007,311.098086084272
9,809,2007,57.2150962464843
6,809,2007,178.226329891438
1,809,2007,22.3413905722188
4,809,2007,191.199929354544
8,809,2007,259.811352840707
5,809,2007,336.013788322735
7,809,2007,57.3449325133943
10,809,2007,99.7082493756171
3,809,2007,72.0408447985906
2,809,2008,234.55029203199
9,809,2008,43.1369337631222
6,809,2008,134.372532631084
1,809,2008,16.8441398951429
4,809,2008,144.153889955003
8,809,2008,195.883007346779
5,809,2008,253.335316748056
7,809,2008,43.234822935966
10,809,2008,75.1743583620583
3,809,2008,54.3147063307986
2,809,2009,0
9,809,2009,0
6,809,2009,0
1,809,2009,0
4,809,2009,0
8,809,2009,0
5,809,2009,0
7,809,2009,0
10,809,2009,0
3,809,2009,0
2,809,2010,0
9,809,2010,0
6,809,2010,0
1,809,2010,0
4,809,2010,0
8,809,2010,0
5,809,2010,0
7,809,2010,0
10,809,2010,0
3,809,2010,0
2,809,2011,0
9,809,2011,0
6,809,2011,0
1,809,2011,0
4,809,2011,0
8,809,2011,0
5,809,2011,0
7,809,2011,0
10,809,2011,0
3,809,2011,0
2,809,2012,8.43988498525153
9,809,2012,1.55220765842197
6,809,2012,4.835162262039
1,809,2012,0.606107125934011
4,809,2012,5.18712742097501
8,809,2012,7.04850988779205
5,809,2012,9.11583148131078
7,809,2012,1.55573003033183
10,809,2012,2.70501875277699
3,809,2012,1.95442039516681
2,810,2004,11.9728600953568
9,810,2004,2.20196900380791
6,810,2004,6.85918367405533
1,810,2004,0.8598263879529
4,810,2004,7.3584830855692
8,810,2004,9.99904891058872
5,810,2004,12.9317609386037
7,810,2004,2.20696585698237
10,810,2004,3.83735218417201
3,810,2004,2.77254986291106
2,810,2005,19.2350867105733
9,810,2005,3.53758954710124
6,810,2005,11.0196721320889
1,810,2005,1.38136042654728
4,810,2005,11.8218252850128
8,810,2005,16.0640457907819
5,810,2005,20.7756159341502
7,810,2005,3.54561727843069
10,810,2005,6.16492645981733
3,810,2005,4.45426043549645
2,810,2006,25.9084841407721
9,810,2006,4.76491653283024
6,810,2006,14.8428236881197
1,810,2006,1.86060792147185
4,810,2006,15.9232748736907
8,810,2006,21.6372861671756
5,810,2006,27.9834826868145
7,810,2006,4.77572939543725
10,810,2006,8.30377849689682
3,810,2006,5.99961609679114
2,810,2007,16.0946643904797
9,810,2007,2.96002390675818
6,810,2007,9.22054198807438
1,810,2007,1.1558321936416
4,810,2007,9.89173136092909
8,810,2007,13.4413444371848
5,810,2007,17.3836786387787
7,810,2007,2.96674098807466
10,810,2007,5.15840785413287
3,810,2007,3.72703424194601
2,810,2008,0
9,810,2008,0
6,810,2008,0
1,810,2008,0
4,810,2008,0
8,810,2008,0
5,810,2008,0
7,810,2008,0
10,810,2008,0
3,810,2008,0
2,810,2009,0
9,810,2009,0
6,810,2009,0
1,810,2009,0
4,810,2009,0
8,810,2009,0
5,810,2009,0
7,810,2009,0
10,810,2009,0
3,810,2009,0
2,810,2010,0
9,810,2010,0
6,810,2010,0
1,810,2010,0
4,810,2010,0
8,810,2010,0
5,810,2010,0
7,810,2010,0
10,810,2010,0
3,810,2010,0
2,810,2011,0
9,810,2011,0
6,810,2011,0
1,810,2011,0
4,810,2011,0
8,810,2011,0
5,810,2011,0
7,810,2011,0
10,810,2011,0
3,810,2011,0
2,810,2012,0
9,810,2012,0
6,810,2012,0
1,810,2012,0
4,810,2012,0
8,810,2012,0
5,810,2012,0
7,810,2012,0
10,810,2012,0
3,810,2012,0
2,811,2003,3.92552790011699
9,811,2003,0.721957050428824
6,811,2003,2.24891268001814
1,811,2003,0.281910291132098
4,811,2003,2.41261740510466
8,811,2003,3.2783766919963
5,811,2003,4.23992161921432
7,811,2003,0.723595362945038
10,811,2003,1.25814825710558
3,811,2003,0.909032741938052
2,811,2004,13.7393476504095
9,811,2004,2.52684967650088
6,811,2004,7.87119438006349
1,811,2004,0.986686018962344
4,811,2004,8.4441609178663
8,811,2004,11.4743184219871
5,811,2004,14.8397256672501
7,811,2004,2.53258377030763
10,811,2004,4.40351889986952
3,811,2004,3.18161459678318
2,811,2005,0
9,811,2005,0
6,811,2005,0
1,811,2005,0
4,811,2005,0
8,811,2005,0
5,811,2005,0
7,811,2005,0
10,811,2005,0
3,811,2005,0
2,811,2006,0
9,811,2006,0
6,811,2006,0
1,811,2006,0
4,811,2006,0
8,811,2006,0
5,811,2006,0
7,811,2006,0
10,811,2006,0
3,811,2006,0
2,811,2007,2.15904034506435
9,811,2007,0.397076377735853
6,811,2007,1.23690197400998
1,811,2007,0.155050660122654
4,811,2007,1.32693957280756
8,811,2007,1.80310718059797
5,811,2007,2.33195689056787
7,811,2007,0.397977449619771
10,811,2007,0.691981541408068
3,811,2007,0.499968008065929
2,811,2008,0
9,811,2008,0
6,811,2008,0
1,811,2008,0
4,811,2008,0
8,811,2008,0
5,811,2008,0
7,811,2008,0
10,811,2008,0
3,811,2008,0
2,811,2009,0
9,811,2009,0
6,811,2009,0
1,811,2009,0
4,811,2009,0
8,811,2009,0
5,811,2009,0
7,811,2009,0
10,811,2009,0
3,811,2009,0
2,811,2010,0
9,811,2010,0
6,811,2010,0
1,811,2010,0
4,811,2010,0
8,811,2010,0
5,811,2010,0
7,811,2010,0
10,811,2010,0
3,811,2010,0
2,811,2011,0
9,811,2011,0
6,811,2011,0
1,811,2011,0
4,811,2011,0
8,811,2011,0
5,811,2011,0
7,811,2011,0
10,811,2011,0
3,811,2011,0
2,811,2012,0
9,811,2012,0
6,811,2012,0
1,811,2012,0
4,811,2012,0
8,811,2012,0
5,811,2012,0
7,811,2012,0
10,811,2012,0
3,811,2012,0
2,812,2003,3.92552790011699
9,812,2003,0.721957050428824
6,812,2003,2.24891268001814
1,812,2003,0.281910291132098
4,812,2003,2.41261740510466
8,812,2003,3.2783766919963
5,812,2003,4.23992161921432
7,812,2003,0.723595362945038
10,812,2003,1.25814825710558
3,812,2003,0.909032741938052
2,812,2004,6.08456824518134
9,812,2004,1.11903342816468
6,812,2004,3.48581465402812
1,812,2004,0.436960951254752
4,812,2004,3.73955697791222
8,812,2004,5.08148387259427
5,812,2004,6.57187850978219
7,812,2004,1.12157281256481
10,812,2004,1.95012979851365
3,812,2004,1.40900075000398
2,812,2005,6.08456824518134
9,812,2005,1.11903342816468
6,812,2005,3.48581465402812
1,812,2005,0.436960951254752
4,812,2005,3.73955697791222
8,812,2005,5.08148387259427
5,812,2005,6.57187850978219
7,812,2005,1.12157281256481
10,812,2005,1.95012979851365
3,812,2005,1.40900075000398
2,812,2006,2.3553167400702
9,812,2006,0.433174230257294
6,812,2006,1.34934760801088
1,812,2006,0.169146174679259
4,812,2006,1.44757044306279
8,812,2006,1.96702601519778
5,812,2006,2.54395297152859
7,812,2006,0.434157217767023
10,812,2006,0.754888954263347
3,812,2006,0.545419645162831
2,812,2007,4.71063348014039
9,812,2007,0.866348460514588
6,812,2007,2.69869521602177
1,812,2007,0.338292349358518
4,812,2007,2.89514088612559
8,812,2007,3.93405203039556
5,812,2007,5.08790594305718
7,812,2007,0.868314435534046
10,812,2007,1.50977790852669
3,812,2007,1.09083929032566
2,812,2008,0
9,812,2008,0
6,812,2008,0
1,812,2008,0
4,812,2008,0
8,812,2008,0
5,812,2008,0
7,812,2008,0
10,812,2008,0
3,812,2008,0
2,812,2009,0
9,812,2009,0
6,812,2009,0
1,812,2009,0
4,812,2009,0
8,812,2009,0
5,812,2009,0
7,812,2009,0
10,812,2009,0
3,812,2009,0
2,812,2010,0
9,812,2010,0
6,812,2010,0
1,812,2010,0
4,812,2010,0
8,812,2010,0
5,812,2010,0
7,812,2010,0
10,812,2010,0
3,812,2010,0
2,812,2011,0
9,812,2011,0
6,812,2011,0
1,812,2011,0
4,812,2011,0
8,812,2011,0
5,812,2011,0
7,812,2011,0
10,812,2011,0
3,812,2011,0
2,812,2012,0
9,812,2012,0
6,812,2012,0
1,812,2012,0
4,812,2012,0
8,812,2012,0
5,812,2012,0
7,812,2012,0
10,812,2012,0
3,812,2012,0
2,813,2003,0
9,813,2003,0
6,813,2003,0
1,813,2003,0
4,813,2003,0
8,813,2003,0
5,813,2003,0
7,813,2003,0
10,813,2003,0
3,813,2003,0
2,813,2004,0
9,813,2004,0
6,813,2004,0
1,813,2004,0
4,813,2004,0
8,813,2004,0
5,813,2004,0
7,813,2004,0
10,813,2004,0
3,813,2004,0
2,813,2005,0
9,813,2005,0
6,813,2005,0
1,813,2005,0
4,813,2005,0
8,813,2005,0
5,813,2005,0
7,813,2005,0
10,813,2005,0
3,813,2005,0
2,813,2006,0
9,813,2006,0
6,813,2006,0
1,813,2006,0
4,813,2006,0
8,813,2006,0
5,813,2006,0
7,813,2006,0
10,813,2006,0
3,813,2006,0
2,813,2007,0
9,813,2007,0
6,813,2007,0
1,813,2007,0
4,813,2007,0
8,813,2007,0
5,813,2007,0
7,813,2007,0
10,813,2007,0
3,813,2007,0
2,813,2008,0
9,813,2008,0
6,813,2008,0
1,813,2008,0
4,813,2008,0
8,813,2008,0
5,813,2008,0
7,813,2008,0
10,813,2008,0
3,813,2008,0
2,813,2009,0
9,813,2009,0
6,813,2009,0
1,813,2009,0
4,813,2009,0
8,813,2009,0
5,813,2009,0
7,813,2009,0
10,813,2009,0
3,813,2009,0
2,813,2010,0
9,813,2010,0
6,813,2010,0
1,813,2010,0
4,813,2010,0
8,813,2010,0
5,813,2010,0
7,813,2010,0
10,813,2010,0
3,813,2010,0
2,813,2011,0
9,813,2011,0
6,813,2011,0
1,813,2011,0
4,813,2011,0
8,813,2011,0
5,813,2011,0
7,813,2011,0
10,813,2011,0
3,813,2011,0
2,813,2012,0
9,813,2012,0
6,813,2012,0
1,813,2012,0
4,813,2012,0
8,813,2012,0
5,813,2012,0
7,813,2012,0
10,813,2012,0
3,813,2012,0
2,814,2003,6.47712103519304
9,814,2003,1.19122913320756
6,814,2003,3.71070592202993
1,814,2003,0.465151980367962
4,814,2003,3.98081871842268
8,814,2003,5.4093215417939
5,814,2003,6.99587067170362
7,814,2003,1.19393234885931
10,814,2003,2.0759446242242
3,814,2003,1.49990402419779
2,814,2004,8.63616138025738
9,814,2004,1.58830551094341
6,814,2004,4.94760789603991
1,814,2004,0.620202640490616
4,814,2004,5.30775829123025
8,814,2004,7.21242872239187
5,814,2004,9.3278275622715
7,814,2004,1.59190979847908
10,814,2004,2.76792616563227
3,814,2004,1.99987203226371
2,814,2005,8.24360859024568
9,814,2005,1.51610980590053
6,814,2005,4.7227166280381
1,814,2005,0.592011611377406
4,814,2005,5.06649655071978
8,814,2005,6.88459105319223
5,814,2005,8.90383540035007
7,814,2005,1.51955026218458
10,814,2005,2.64211133992171
3,814,2005,1.90896875806991
2,814,2006,4.12180429512284
9,814,2006,0.758054902950265
6,814,2006,2.36135831401905
1,814,2006,0.296005805688703
4,814,2006,2.53324827535989
8,814,2006,3.44229552659612
5,814,2006,4.45191770017503
7,814,2006,0.75977513109229
10,814,2006,1.32105566996086
3,814,2006,0.954484379034954
2,814,2007,3.53297511010529
9,814,2007,0.649761345385941
6,814,2007,2.02402141201633
1,814,2007,0.253719262018888
4,814,2007,2.17135566459419
8,814,2007,2.95053902279667
5,814,2007,3.81592945729289
7,814,2007,0.651235826650534
10,814,2007,1.13233343139502
3,814,2007,0.818129467744247
2,814,2008,2.74786953008189
9,814,2008,0.505369935300177
6,814,2008,1.5742388760127
1,814,2008,0.197337203792469
4,814,2008,1.68883218357326
8,814,2008,2.29486368439741
5,814,2008,2.96794513345002
7,814,2008,0.506516754061527
10,814,2008,0.880703779973905
3,814,2008,0.636322919356636
2,814,2009,0
9,814,2009,0
6,814,2009,0
1,814,2009,0
4,814,2009,0
8,814,2009,0
5,814,2009,0
7,814,2009,0
10,814,2009,0
3,814,2009,0
2,814,2010,0
9,814,2010,0
6,814,2010,0
1,814,2010,0
4,814,2010,0
8,814,2010,0
5,814,2010,0
7,814,2010,0
10,814,2010,0
3,814,2010,0
2,814,2011,0
9,814,2011,0
6,814,2011,0
1,814,2011,0
4,814,2011,0
8,814,2011,0
5,814,2011,0
7,814,2011,0
10,814,2011,0
3,814,2011,0
2,814,2012,0
9,814,2012,0
6,814,2012,0
1,814,2012,0
4,814,2012,0
8,814,2012,0
5,814,2012,0
7,814,2012,0
10,814,2012,0
3,814,2012,0
2,815,2003,634.1690322639
9,815,2003,116.632161496776
6,815,2003,363.311843456931
1,815,2003,45.5426075323905
4,815,2003,389.758341794657
8,815,2003,529.621754592003
5,815,2003,684.959337584073
7,815,2003,116.896830883771
10,815,2003,203.253850935406
3,815,2003,146.854239460092
2,815,2004,536.030834760975
9,815,2004,98.5832352360559
6,815,2004,307.089026456477
1,815,2004,38.494850254088
4,815,2004,329.442906667041
8,815,2004,447.662337292095
5,815,2004,578.961297103715
7,815,2004,98.8069468101449
10,815,2004,171.800144507767
3,815,2004,124.128420911641
2,815,2005,584.903657117432
9,815,2005,107.571600513895
6,815,2005,335.087989322703
1,815,2005,42.0046333786826
4,815,2005,359.479993360594
8,815,2005,488.478127107449
5,815,2005,631.748321262933
7,815,2005,107.815709078811
10,815,2005,187.464090308731
3,815,2005,135.44587854877
2,815,2006,631.617439128824
9,815,2006,116.162889413998
6,815,2006,361.850050214919
1,815,2006,45.3593658431546
4,815,2006,388.190140481339
8,815,2006,527.490809742205
5,815,2006,682.203388531584
7,815,2006,116.426493897857
10,815,2006,202.436054568288
3,815,2006,146.263368177833
2,815,2007,631.028609943806
9,815,2007,116.054595856433
6,815,2007,361.512713312916
1,815,2007,45.3170792994848
4,815,2007,387.828247870574
8,815,2007,526.999053238406
5,815,2007,681.567400288702
7,815,2007,116.317954593415
10,815,2007,202.247332329722
3,815,2007,146.127013266542
2,815,2008,251.430062002493
9,815,2008,46.2413490799662
6,815,2008,144.042857155162
1,815,2008,18.0563541470109
4,815,2008,154.528144796953
8,815,2008,209.980027122363
5,815,2008,271.566979710677
7,815,2008,46.3462829966297
10,815,2008,80.5843958676123
3,815,2008,58.2235471211322
2,815,2009,0
9,815,2009,0
6,815,2009,0
1,815,2009,0
4,815,2009,0
8,815,2009,0
5,815,2009,0
7,815,2009,0
10,815,2009,0
3,815,2009,0
2,815,2010,0
9,815,2010,0
6,815,2010,0
1,815,2010,0
4,815,2010,0
8,815,2010,0
5,815,2010,0
7,815,2010,0
10,815,2010,0
3,815,2010,0
2,815,2011,0
9,815,2011,0
6,815,2011,0
1,815,2011,0
4,815,2011,0
8,815,2011,0
5,815,2011,0
7,815,2011,0
10,815,2011,0
3,815,2011,0
2,815,2012,0.392552790011699
9,815,2012,0.0721957050428824
6,815,2012,0.224891268001814
1,815,2012,0.0281910291132098
4,815,2012,0.241261740510466
8,815,2012,0.32783766919963
5,815,2012,0.423992161921432
7,815,2012,0.0723595362945038
10,815,2012,0.125814825710558
3,815,2012,0.0909032741938052
2,816,2003,753.701356822463
9,816,2003,138.615753682334
6,816,2003,431.791234563483
1,816,2003,54.1267758973629
4,816,2003,463.222541780094
8,816,2003,629.44832486329
5,816,2003,814.064950889149
7,816,2003,138.930309685447
10,816,2003,241.564465364271
3,816,2003,174.534286452106
2,816,2004,746.24285381224
9,816,2004,137.244035286519
6,816,2004,427.518300471449
1,816,2004,53.5911463442119
4,816,2004,458.638568710395
8,816,2004,623.219409148497
5,816,2004,806.009099812642
7,816,2004,137.555478495852
10,816,2004,239.17398367577
3,816,2004,172.807124242424
2,816,2005,1121.32704466842
9,816,2005,206.227031454993
6,816,2005,642.401907047182
1,816,2005,80.5276746618839
4,816,2005,689.164161768145
8,816,2005,936.468302068744
5,816,2005,1211.13361052857
7,816,2005,206.69501542525
10,816,2005,359.390049642208
3,816,2005,259.665202734605
2,816,2006,1523.69365443041
9,816,2006,280.227629123948
6,816,2006,872.915456749041
1,816,2006,109.423479502924
4,816,2006,936.457445791373
8,816,2006,1272.50191299836
5,816,2006,1645.72557649804
7,816,2006,280.863540127116
10,816,2006,488.35024599553
3,816,2006,352.841058783255
2,816,2007,1796.32156709354
9,816,2007,330.36754627623
6,816,2007,1029.1024423763
1,816,2007,129.002149222048
4,816,2007,1104.01372457589
8,816,2007,1500.18517425751
5,816,2007,1940.18813295247
7,816,2007,331.117238083649
10,816,2007,575.728642451513
3,816,2007,415.973382710853
2,816,2008,1911.73208735698
9,816,2008,351.593083558837
6,816,2008,1095.22047516883
1,816,2008,137.290311781332
4,816,2008,1174.94467628597
8,816,2008,1596.5694490022
5,816,2008,2064.84182855737
7,816,2008,352.390941754233
10,816,2008,612.718201210417
3,816,2008,442.698945323831
2,816,2009,0
9,816,2009,0
6,816,2009,0
1,816,2009,0
4,816,2009,0
8,816,2009,0
5,816,2009,0
7,816,2009,0
10,816,2009,0
3,816,2009,0
2,816,2010,1381.78582084118
9,816,2010,254.128881750946
6,816,2010,791.617263366386
1,816,2010,99.2324224784986
4,816,2010,849.241326596839
8,816,2010,1153.9885955827
5,816,2010,1492.45240996344
7,816,2010,254.705567756653
10,816,2010,442.868186501164
3,816,2010,319.979525162194
2,816,2011,0
9,816,2011,0
6,816,2011,0
1,816,2011,0
4,816,2011,0
8,816,2011,0
5,816,2011,0
7,816,2011,0
10,816,2011,0
3,816,2011,0
2,816,2012,0
9,816,2012,0
6,816,2012,0
1,816,2012,0
4,816,2012,0
8,816,2012,0
5,816,2012,0
7,816,2012,0
10,816,2012,0
3,816,2012,0
2,817,2003,0
9,817,2003,0
6,817,2003,0
1,817,2003,0
4,817,2003,0
8,817,2003,0
5,817,2003,0
7,817,2003,0
10,817,2003,0
3,817,2003,0
2,817,2004,0
9,817,2004,0
6,817,2004,0
1,817,2004,0
4,817,2004,0
8,817,2004,0
5,817,2004,0
7,817,2004,0
10,817,2004,0
3,817,2004,0
2,817,2005,0
9,817,2005,0
6,817,2005,0
1,817,2005,0
4,817,2005,0
8,817,2005,0
5,817,2005,0
7,817,2005,0
10,817,2005,0
3,817,2005,0
2,817,2006,0
9,817,2006,0
6,817,2006,0
1,817,2006,0
4,817,2006,0
8,817,2006,0
5,817,2006,0
7,817,2006,0
10,817,2006,0
3,817,2006,0
2,817,2007,0
9,817,2007,0
6,817,2007,0
1,817,2007,0
4,817,2007,0
8,817,2007,0
5,817,2007,0
7,817,2007,0
10,817,2007,0
3,817,2007,0
2,817,2008,0
9,817,2008,0
6,817,2008,0
1,817,2008,0
4,817,2008,0
8,817,2008,0
5,817,2008,0
7,817,2008,0
10,817,2008,0
3,817,2008,0
2,817,2009,0
9,817,2009,0
6,817,2009,0
1,817,2009,0
4,817,2009,0
8,817,2009,0
5,817,2009,0
7,817,2009,0
10,817,2009,0
3,817,2009,0
2,817,2010,0
9,817,2010,0
6,817,2010,0
1,817,2010,0
4,817,2010,0
8,817,2010,0
5,817,2010,0
7,817,2010,0
10,817,2010,0
3,817,2010,0
2,817,2011,0
9,817,2011,0
6,817,2011,0
1,817,2011,0
4,817,2011,0
8,817,2011,0
5,817,2011,0
7,817,2011,0
10,817,2011,0
3,817,2011,0
2,817,2012,0
9,817,2012,0
6,817,2012,0
1,817,2012,0
4,817,2012,0
8,817,2012,0
5,817,2012,0
7,817,2012,0
10,817,2012,0
3,817,2012,0
2,818,2003,2713.71743735088
9,818,2003,499.088908961446
6,818,2003,1554.67333569654
1,818,2003,194.88458425962
4,818,2003,1667.84241214885
8,818,2003,2266.34180717704
5,818,2003,2931.05781536286
7,818,2003,500.221474403905
10,818,2003,869.757890137086
3,818,2003,628.414334501775
2,818,2004,3056.21974663608
9,818,2004,562.079661611361
6,818,2004,1750.89096702812
1,818,2004,219.481257160895
4,818,2004,1878.34328074423
8,818,2004,2552.38017355372
5,818,2004,3300.99097663931
7,818,2004,563.355169820859
10,818,2004,979.531325569548
3,818,2004,707.72744123587
2,818,2005,3029.13360412528
9,818,2005,557.098157963402
6,818,2005,1735.373469536
1,818,2005,217.536076152084
4,818,2005,1861.69622064901
8,818,2005,2529.75937437895
5,818,2005,3271.73551746673
7,818,2005,558.362361816539
10,818,2005,970.85010259552
3,818,2005,701.455115316498
2,818,2006,3253.08497082695
9,818,2006,598.285807690366
6,818,2006,1863.67393793103
1,818,2006,233.61905826117
4,818,2006,1999.33604361023
8,818,2006,2716.79076465734
5,818,2006,3513.62304584291
7,818,2006,599.643477272553
10,818,2006,1042.62746066339
3,818,2006,753.315433244064
2,818,2007,3995.20602034407
9,818,2007,734.771788073935
6,818,2007,2288.83088008846
1,818,2007,286.914198799693
4,818,2007,2455.44136404526
8,818,2007,3336.56787827924
5,818,2007,4315.18022795537
7,818,2007,736.439180637312
10,818,2007,1280.4803886692
3,818,2007,925.168073107452
2,818,2008,4374.21573910036
9,818,2008,804.476741292838
6,818,2008,2505.96339934421
1,818,2008,314.132637408497
4,818,2008,2688.37957450812
8,818,2008,3653.09514789148
5,818,2008,4724.54466029051
7,818,2008,806.302312929656
10,818,2008,1401.95460289275
3,818,2008,1012.93518434157
2,818,2009,3394.01142244115
9,818,2009,624.204065800761
6,818,2009,1944.40990314368
1,818,2009,243.739637712812
4,818,2009,2085.94900845349
8,818,2009,2834.4844879
5,818,2009,3665.8362319727
7,818,2009,625.62055080228
10,818,2009,1087.79498309348
3,818,2009,785.94970867964
2,818,2010,3191.65045919012
9,818,2010,586.987179851155
6,818,2010,1828.47845448875
1,818,2010,229.207162204952
4,818,2010,1961.57858122034
8,818,2010,2665.48416942759
5,818,2010,3447.2682725022
7,818,2010,588.319209842463
10,818,2010,1022.93744043969
3,818,2010,739.089070832733
2,818,2011,0
9,818,2011,0
6,818,2011,0
1,818,2011,0
4,818,2011,0
8,818,2011,0
5,818,2011,0
7,818,2011,0
10,818,2011,0
3,818,2011,0
2,818,2012,0
9,818,2012,0
6,818,2012,0
1,818,2012,0
4,818,2012,0
8,818,2012,0
5,818,2012,0
7,818,2012,0
10,818,2012,0
3,818,2012,0
2,819,2003,0
9,819,2003,0
6,819,2003,0
1,819,2003,0
4,819,2003,0
8,819,2003,0
5,819,2003,0
7,819,2003,0
10,819,2003,0
3,819,2003,0
2,819,2004,0
9,819,2004,0
6,819,2004,0
1,819,2004,0
4,819,2004,0
8,819,2004,0
5,819,2004,0
7,819,2004,0
10,819,2004,0
3,819,2004,0
2,819,2005,0
9,819,2005,0
6,819,2005,0
1,819,2005,0
4,819,2005,0
8,819,2005,0
5,819,2005,0
7,819,2005,0
10,819,2005,0
3,819,2005,0
2,819,2006,0
9,819,2006,0
6,819,2006,0
1,819,2006,0
4,819,2006,0
8,819,2006,0
5,819,2006,0
7,819,2006,0
10,819,2006,0
3,819,2006,0
2,819,2007,0
9,819,2007,0
6,819,2007,0
1,819,2007,0
4,819,2007,0
8,819,2007,0
5,819,2007,0
7,819,2007,0
10,819,2007,0
3,819,2007,0
2,819,2008,0
9,819,2008,0
6,819,2008,0
1,819,2008,0
4,819,2008,0
8,819,2008,0
5,819,2008,0
7,819,2008,0
10,819,2008,0
3,819,2008,0
2,819,2009,0
9,819,2009,0
6,819,2009,0
1,819,2009,0
4,819,2009,0
8,819,2009,0
5,819,2009,0
7,819,2009,0
10,819,2009,0
3,819,2009,0
2,819,2010,0
9,819,2010,0
6,819,2010,0
1,819,2010,0
4,819,2010,0
8,819,2010,0
5,819,2010,0
7,819,2010,0
10,819,2010,0
3,819,2010,0
2,819,2011,0
9,819,2011,0
6,819,2011,0
1,819,2011,0
4,819,2011,0
8,819,2011,0
5,819,2011,0
7,819,2011,0
10,819,2011,0
3,819,2011,0
2,819,2012,0
9,819,2012,0
6,819,2012,0
1,819,2012,0
4,819,2012,0
8,819,2012,0
5,819,2012,0
7,819,2012,0
10,819,2012,0
3,819,2012,0
2,820,2003,0
9,820,2003,0
6,820,2003,0
1,820,2003,0
4,820,2003,0
8,820,2003,0
5,820,2003,0
7,820,2003,0
10,820,2003,0
3,820,2003,0
2,820,2004,0
9,820,2004,0
6,820,2004,0
1,820,2004,0
4,820,2004,0
8,820,2004,0
5,820,2004,0
7,820,2004,0
10,820,2004,0
3,820,2004,0
2,820,2005,0
9,820,2005,0
6,820,2005,0
1,820,2005,0
4,820,2005,0
8,820,2005,0
5,820,2005,0
7,820,2005,0
10,820,2005,0
3,820,2005,0
2,820,2006,0
9,820,2006,0
6,820,2006,0
1,820,2006,0
4,820,2006,0
8,820,2006,0
5,820,2006,0
7,820,2006,0
10,820,2006,0
3,820,2006,0
2,820,2007,0.19627639500585
9,820,2007,0.0360978525214412
6,820,2007,0.112445634000907
1,820,2007,0.0140955145566049
4,820,2007,0.120630870255233
8,820,2007,0.163918834599815
5,820,2007,0.211996080960716
7,820,2007,0.0361797681472519
10,820,2007,0.0629074128552789
3,820,2007,0.0454516370969026
2,820,2008,0
9,820,2008,0
6,820,2008,0
1,820,2008,0
4,820,2008,0
8,820,2008,0
5,820,2008,0
7,820,2008,0
10,820,2008,0
3,820,2008,0
2,820,2009,0
9,820,2009,0
6,820,2009,0
1,820,2009,0
4,820,2009,0
8,820,2009,0
5,820,2009,0
7,820,2009,0
10,820,2009,0
3,820,2009,0
2,820,2010,0
9,820,2010,0
6,820,2010,0
1,820,2010,0
4,820,2010,0
8,820,2010,0
5,820,2010,0
7,820,2010,0
10,820,2010,0
3,820,2010,0
2,820,2011,0
9,820,2011,0
6,820,2011,0
1,820,2011,0
4,820,2011,0
8,820,2011,0
5,820,2011,0
7,820,2011,0
10,820,2011,0
3,820,2011,0
2,820,2012,0
9,820,2012,0
6,820,2012,0
1,820,2012,0
4,820,2012,0
8,820,2012,0
5,820,2012,0
7,820,2012,0
10,820,2012,0
3,820,2012,0
2,821,2003,50.0504807264916
9,821,2003,9.2049523929675
6,821,2003,28.6736366702313
1,821,2003,3.59435621193425
4,821,2003,30.7608719150844
8,821,2003,41.7993028229529
5,821,2003,54.0590006449826
7,821,2003,9.22584087754923
10,821,2003,16.0413902780961
3,821,2003,11.5901674597102
2,821,2004,32.581881570971
9,821,2004,5.99224351855924
6,821,2004,18.6659752441506
1,821,2004,2.33985541639642
4,821,2004,20.0247244623687
8,821,2004,27.2105265435693
5,821,2004,35.1913494394788
7,821,2004,6.00584151244382
10,821,2004,10.4426305339763
3,821,2004,7.54497175808583
2,821,2005,19.8239158955908
9,821,2005,3.64588310466556
6,821,2005,11.3570090340916
1,821,2005,1.4236469702171
4,821,2005,12.1837178957785
8,821,2005,16.5558022945813
5,821,2005,21.4116041770323
7,821,2005,3.65415658287244
10,821,2005,6.35364869838317
3,821,2005,4.59061534678716
2,821,2006,31.2079468059301
9,821,2006,5.73955855090915
6,821,2006,17.8788558061442
1,821,2006,2.24118681450018
4,821,2006,19.180308370582
8,821,2006,26.0630947013706
5,821,2006,33.7073768727538
7,821,2006,5.75258313541305
10,821,2006,10.0022786439893
3,821,2006,7.22681029840751
2,821,2007,34.3483691260237
9,821,2007,6.31712419125221
6,821,2007,19.6779859501587
1,821,2007,2.46671504740586
4,821,2007,21.1104022946658
8,821,2007,28.6857960549676
5,821,2007,37.0993141681253
7,821,2007,6.33145942576908
10,821,2007,11.0087972496738
3,821,2007,7.95403649195795
2,821,2008,25.3196549557546
9,821,2008,4.65662297526591
6,821,2008,14.505486786117
1,821,2008,1.81832137780203
4,821,2008,15.561382262925
8,821,2008,21.1455296633762
5,821,2008,27.3474944439324
7,821,2008,4.6671900909955
10,821,2008,8.11505625833098
3,821,2008,5.86326118550043
2,821,2009,0
9,821,2009,0
6,821,2009,0
1,821,2009,0
4,821,2009,0
8,821,2009,0
5,821,2009,0
7,821,2009,0
10,821,2009,0
3,821,2009,0
2,821,2010,0
9,821,2010,0
6,821,2010,0
1,821,2010,0
4,821,2010,0
8,821,2010,0
5,821,2010,0
7,821,2010,0
10,821,2010,0
3,821,2010,0
2,821,2011,0
9,821,2011,0
6,821,2011,0
1,821,2011,0
4,821,2011,0
8,821,2011,0
5,821,2011,0
7,821,2011,0
10,821,2011,0
3,821,2011,0
2,821,2012,0
9,821,2012,0
6,821,2012,0
1,821,2012,0
4,821,2012,0
8,821,2012,0
5,821,2012,0
7,821,2012,0
10,821,2012,0
3,821,2012,0
2,822,2003,0.19627639500585
9,822,2003,0.0360978525214412
6,822,2003,0.112445634000907
1,822,2003,0.0140955145566049
4,822,2003,0.120630870255233
8,822,2003,0.163918834599815
5,822,2003,0.211996080960716
7,822,2003,0.0361797681472519
10,822,2003,0.0629074128552789
3,822,2003,0.0454516370969026
2,822,2004,0.19627639500585
9,822,2004,0.0360978525214412
6,822,2004,0.112445634000907
1,822,2004,0.0140955145566049
4,822,2004,0.120630870255233
8,822,2004,0.163918834599815
5,822,2004,0.211996080960716
7,822,2004,0.0361797681472519
10,822,2004,0.0629074128552789
3,822,2004,0.0454516370969026
2,822,2005,0
9,822,2005,0
6,822,2005,0
1,822,2005,0
4,822,2005,0
8,822,2005,0
5,822,2005,0
7,822,2005,0
10,822,2005,0
3,822,2005,0
2,822,2006,0
9,822,2006,0
6,822,2006,0
1,822,2006,0
4,822,2006,0
8,822,2006,0
5,822,2006,0
7,822,2006,0
10,822,2006,0
3,822,2006,0
2,822,2007,0
9,822,2007,0
6,822,2007,0
1,822,2007,0
4,822,2007,0
8,822,2007,0
5,822,2007,0
7,822,2007,0
10,822,2007,0
3,822,2007,0
2,822,2008,0
9,822,2008,0
6,822,2008,0
1,822,2008,0
4,822,2008,0
8,822,2008,0
5,822,2008,0
7,822,2008,0
10,822,2008,0
3,822,2008,0
2,822,2009,0
9,822,2009,0
6,822,2009,0
1,822,2009,0
4,822,2009,0
8,822,2009,0
5,822,2009,0
7,822,2009,0
10,822,2009,0
3,822,2009,0
2,822,2010,0
9,822,2010,0
6,822,2010,0
1,822,2010,0
4,822,2010,0
8,822,2010,0
5,822,2010,0
7,822,2010,0
10,822,2010,0
3,822,2010,0
2,822,2011,0
9,822,2011,0
6,822,2011,0
1,822,2011,0
4,822,2011,0
8,822,2011,0
5,822,2011,0
7,822,2011,0
10,822,2011,0
3,822,2011,0
2,822,2012,0
9,822,2012,0
6,822,2012,0
1,822,2012,0
4,822,2012,0
8,822,2012,0
5,822,2012,0
7,822,2012,0
10,822,2012,0
3,822,2012,0
2,823,2003,192.743419895744
9,823,2003,35.4480911760552
6,823,2003,110.421612588891
1,823,2003,13.841795294586
4,823,2003,118.459514590639
8,823,2003,160.968295577018
5,823,2003,208.180151503423
7,823,2003,35.5285323206014
10,823,2003,61.7750794238839
3,823,2003,44.6335076291583
2,823,2004,147.796125439405
9,823,2004,27.1816829486452
6,823,2004,84.671562402683
1,823,2004,10.6139224611235
4,823,2004,90.8350453021904
8,823,2004,123.430882453661
5,823,2004,159.633048963419
7,823,2004,27.2433654148807
10,823,2004,47.369281880025
3,823,2004,34.2250827339677
2,823,2005,204.520003596095
9,823,2005,37.6139623273417
6,823,2005,117.168350628945
1,823,2005,14.6875261679823
4,823,2005,125.697366805953
8,823,2005,170.803425653007
5,823,2005,220.899916361066
7,823,2005,37.6993184094365
10,823,2005,65.5495241952006
3,823,2005,47.3606058549725
2,823,2006,140.730175219194
9,823,2006,25.8821602578733
6,823,2006,80.6235195786504
1,823,2006,10.1064839370857
4,823,2006,86.492333973002
8,823,2006,117.529804408067
5,823,2006,152.001190048833
7,823,2006,25.9408937615796
10,823,2006,45.104615017235
3,823,2006,32.5888237984792
2,823,2007,245.345493757312
9,823,2007,45.1223156518015
6,823,2007,140.557042501134
1,823,2007,17.6193931957561
4,823,2007,150.788587819041
8,823,2007,204.898543249769
5,823,2007,264.995101200895
7,823,2007,45.2247101840649
10,823,2007,78.6342660690986
3,823,2007,56.8145463711282
2,823,2008,225.12902507171
9,823,2008,41.404236842093
6,823,2008,128.97514219904
1,823,2008,16.1675551964258
4,823,2008,138.363608182752
8,823,2008,188.014903285988
5,823,2008,243.159504861941
7,823,2008,41.4981940648979
10,823,2008,72.1548025450049
3,823,2008,52.1330277501473
2,823,2009,0
9,823,2009,0
6,823,2009,0
1,823,2009,0
4,823,2009,0
8,823,2009,0
5,823,2009,0
7,823,2009,0
10,823,2009,0
3,823,2009,0
2,823,2010,55.3499433916496
9,823,2010,10.1795944110464
6,823,2010,31.7096687882558
1,823,2010,3.97493510496259
4,823,2010,34.0179054119757
8,823,2010,46.2251113571479
5,823,2010,59.7828948309219
7,823,2010,10.202694617525
10,823,2010,17.7398904251887
3,823,2010,12.8173616613265
2,823,2011,0
9,823,2011,0
6,823,2011,0
1,823,2011,0
4,823,2011,0
8,823,2011,0
5,823,2011,0
7,823,2011,0
10,823,2011,0
3,823,2011,0
2,823,2012,0
9,823,2012,0
6,823,2012,0
1,823,2012,0
4,823,2012,0
8,823,2012,0
5,823,2012,0
7,823,2012,0
10,823,2012,0
3,823,2012,0
2,824,2003,5.49573906016379
9,824,2003,1.01073987060035
6,824,2003,3.1484777520254
1,824,2003,0.394674407584938
4,824,2003,3.37766436714652
8,824,2003,4.58972736879482
5,824,2003,5.93589026690004
7,824,2003,1.01303350812305
10,824,2003,1.76140755994781
3,824,2003,1.27264583871327
2,824,2004,8.63616138025738
9,824,2004,1.58830551094341
6,824,2004,4.94760789603991
1,824,2004,0.620202640490616
4,824,2004,5.30775829123025
8,824,2004,7.21242872239187
5,824,2004,9.3278275622715
7,824,2004,1.59190979847908
10,824,2004,2.76792616563227
3,824,2004,1.99987203226371
2,824,2005,10.7952017253217
9,824,2005,1.98538188867926
6,824,2005,6.18450987004989
1,824,2005,0.77525330061327
4,824,2005,6.63469786403781
8,824,2005,9.01553590298983
5,824,2005,11.6597844528394
7,824,2005,1.98988724809885
10,824,2005,3.45990770704034
3,824,2005,2.49984004032964
2,824,2006,15.1132824154504
9,824,2006,2.77953464415097
6,824,2006,8.65831381806984
1,824,2006,1.08535462085858
4,824,2006,9.28857700965293
8,824,2006,12.6217502641858
5,824,2006,16.3236982339751
7,824,2006,2.7858421473384
10,824,2006,4.84387078985648
3,824,2006,3.4997760564615
2,824,2007,7.85105580023398
9,824,2007,1.44391410085765
6,824,2007,4.49782536003628
1,824,2007,0.563820582264197
4,824,2007,4.82523481020931
8,824,2007,6.55675338399261
5,824,2007,8.47984323842864
7,824,2007,1.44719072589008
10,824,2007,2.51629651421116
3,824,2007,1.8180654838761
2,824,2008,8.63616138025738
9,824,2008,1.58830551094341
6,824,2008,4.94760789603991
1,824,2008,0.620202640490616
4,824,2008,5.30775829123025
8,824,2008,7.21242872239187
5,824,2008,9.3278275622715
7,824,2008,1.59190979847908
10,824,2008,2.76792616563227
3,824,2008,1.99987203226371
2,824,2009,0
9,824,2009,0
6,824,2009,0
1,824,2009,0
4,824,2009,0
8,824,2009,0
5,824,2009,0
7,824,2009,0
10,824,2009,0
3,824,2009,0
2,824,2010,0
9,824,2010,0
6,824,2010,0
1,824,2010,0
4,824,2010,0
8,824,2010,0
5,824,2010,0
7,824,2010,0
10,824,2010,0
3,824,2010,0
2,824,2011,0
9,824,2011,0
6,824,2011,0
1,824,2011,0
4,824,2011,0
8,824,2011,0
5,824,2011,0
7,824,2011,0
10,824,2011,0
3,824,2011,0
2,824,2012,6.28084464018719
9,824,2012,1.15513128068612
6,824,2012,3.59826028802903
1,824,2012,0.451056465811357
4,824,2012,3.86018784816745
8,824,2012,5.24540270719408
5,824,2012,6.78387459074291
7,824,2012,1.15775258071206
10,824,2012,2.01303721136893
3,824,2012,1.45445238710088
2,825,2003,8.83243777526323
9,825,2003,1.62440336346485
6,825,2003,5.06005353004082
1,825,2003,0.634298155047221
4,825,2003,5.42838916148548
8,825,2003,7.37634755699168
5,825,2003,9.53982364323222
7,825,2003,1.62808956662634
10,825,2003,2.83083357848755
3,825,2003,2.04532366936062
2,825,2004,0
9,825,2004,0
6,825,2004,0
1,825,2004,0
4,825,2004,0
8,825,2004,0
5,825,2004,0
7,825,2004,0
10,825,2004,0
3,825,2004,0
2,825,2005,0
9,825,2005,0
6,825,2005,0
1,825,2005,0
4,825,2005,0
8,825,2005,0
5,825,2005,0
7,825,2005,0
10,825,2005,0
3,825,2005,0
2,825,2006,0
9,825,2006,0
6,825,2006,0
1,825,2006,0
4,825,2006,0
8,825,2006,0
5,825,2006,0
7,825,2006,0
10,825,2006,0
3,825,2006,0
2,825,2007,0
9,825,2007,0
6,825,2007,0
1,825,2007,0
4,825,2007,0
8,825,2007,0
5,825,2007,0
7,825,2007,0
10,825,2007,0
3,825,2007,0
2,825,2008,0
9,825,2008,0
6,825,2008,0
1,825,2008,0
4,825,2008,0
8,825,2008,0
5,825,2008,0
7,825,2008,0
10,825,2008,0
3,825,2008,0
2,825,2009,0
9,825,2009,0
6,825,2009,0
1,825,2009,0
4,825,2009,0
8,825,2009,0
5,825,2009,0
7,825,2009,0
10,825,2009,0
3,825,2009,0
2,825,2010,0
9,825,2010,0
6,825,2010,0
1,825,2010,0
4,825,2010,0
8,825,2010,0
5,825,2010,0
7,825,2010,0
10,825,2010,0
3,825,2010,0
2,825,2011,0
9,825,2011,0
6,825,2011,0
1,825,2011,0
4,825,2011,0
8,825,2011,0
5,825,2011,0
7,825,2011,0
10,825,2011,0
3,825,2011,0
2,825,2012,0
9,825,2012,0
6,825,2012,0
1,825,2012,0
4,825,2012,0
8,825,2012,0
5,825,2012,0
7,825,2012,0
10,825,2012,0
3,825,2012,0
2,826,2003,0.19627639500585
9,826,2003,0.0360978525214412
6,826,2003,0.112445634000907
1,826,2003,0.0140955145566049
4,826,2003,0.120630870255233
8,826,2003,0.163918834599815
5,826,2003,0.211996080960716
7,826,2003,0.0361797681472519
10,826,2003,0.0629074128552789
3,826,2003,0.0454516370969026
2,826,2004,0.19627639500585
9,826,2004,0.0360978525214412
6,826,2004,0.112445634000907
1,826,2004,0.0140955145566049
4,826,2004,0.120630870255233
8,826,2004,0.163918834599815
5,826,2004,0.211996080960716
7,826,2004,0.0361797681472519
10,826,2004,0.0629074128552789
3,826,2004,0.0454516370969026
2,826,2005,0
9,826,2005,0
6,826,2005,0
1,826,2005,0
4,826,2005,0
8,826,2005,0
5,826,2005,0
7,826,2005,0
10,826,2005,0
3,826,2005,0
2,826,2006,0
9,826,2006,0
6,826,2006,0
1,826,2006,0
4,826,2006,0
8,826,2006,0
5,826,2006,0
7,826,2006,0
10,826,2006,0
3,826,2006,0
2,826,2007,0
9,826,2007,0
6,826,2007,0
1,826,2007,0
4,826,2007,0
8,826,2007,0
5,826,2007,0
7,826,2007,0
10,826,2007,0
3,826,2007,0
2,826,2008,0
9,826,2008,0
6,826,2008,0
1,826,2008,0
4,826,2008,0
8,826,2008,0
5,826,2008,0
7,826,2008,0
10,826,2008,0
3,826,2008,0
2,826,2009,0
9,826,2009,0
6,826,2009,0
1,826,2009,0
4,826,2009,0
8,826,2009,0
5,826,2009,0
7,826,2009,0
10,826,2009,0
3,826,2009,0
2,826,2010,0
9,826,2010,0
6,826,2010,0
1,826,2010,0
4,826,2010,0
8,826,2010,0
5,826,2010,0
7,826,2010,0
10,826,2010,0
3,826,2010,0
2,826,2011,0
9,826,2011,0
6,826,2011,0
1,826,2011,0
4,826,2011,0
8,826,2011,0
5,826,2011,0
7,826,2011,0
10,826,2011,0
3,826,2011,0
2,826,2012,0
9,826,2012,0
6,826,2012,0
1,826,2012,0
4,826,2012,0
8,826,2012,0
5,826,2012,0
7,826,2012,0
10,826,2012,0
3,826,2012,0
2,827,2003,0
9,827,2003,0
6,827,2003,0
1,827,2003,0
4,827,2003,0
8,827,2003,0
5,827,2003,0
7,827,2003,0
10,827,2003,0
3,827,2003,0
2,827,2004,0
9,827,2004,0
6,827,2004,0
1,827,2004,0
4,827,2004,0
8,827,2004,0
5,827,2004,0
7,827,2004,0
10,827,2004,0
3,827,2004,0
2,827,2005,0
9,827,2005,0
6,827,2005,0
1,827,2005,0
4,827,2005,0
8,827,2005,0
5,827,2005,0
7,827,2005,0
10,827,2005,0
3,827,2005,0
2,827,2006,0
9,827,2006,0
6,827,2006,0
1,827,2006,0
4,827,2006,0
8,827,2006,0
5,827,2006,0
7,827,2006,0
10,827,2006,0
3,827,2006,0
2,827,2007,0
9,827,2007,0
6,827,2007,0
1,827,2007,0
4,827,2007,0
8,827,2007,0
5,827,2007,0
7,827,2007,0
10,827,2007,0
3,827,2007,0
2,827,2008,0.785105580023398
9,827,2008,0.144391410085765
6,827,2008,0.449782536003628
1,827,2008,0.0563820582264197
4,827,2008,0.482523481020931
8,827,2008,0.655675338399261
5,827,2008,0.847984323842864
7,827,2008,0.144719072589008
10,827,2008,0.251629651421116
3,827,2008,0.18180654838761
2,827,2009,0
9,827,2009,0
6,827,2009,0
1,827,2009,0
4,827,2009,0
8,827,2009,0
5,827,2009,0
7,827,2009,0
10,827,2009,0
3,827,2009,0
2,827,2010,0
9,827,2010,0
6,827,2010,0
1,827,2010,0
4,827,2010,0
8,827,2010,0
5,827,2010,0
7,827,2010,0
10,827,2010,0
3,827,2010,0
2,827,2011,0
9,827,2011,0
6,827,2011,0
1,827,2011,0
4,827,2011,0
8,827,2011,0
5,827,2011,0
7,827,2011,0
10,827,2011,0
3,827,2011,0
2,827,2012,0
9,827,2012,0
6,827,2012,0
1,827,2012,0
4,827,2012,0
8,827,2012,0
5,827,2012,0
7,827,2012,0
10,827,2012,0
3,827,2012,0
2,828,2003,1.1776583700351
9,828,2003,0.216587115128647
6,828,2003,0.674673804005442
1,828,2003,0.0845730873396295
4,828,2003,0.723785221531397
8,828,2003,0.983513007598891
5,828,2003,1.2719764857643
7,828,2003,0.217078608883511
10,828,2003,0.377444477131674
3,828,2003,0.272709822581416
2,828,2004,6.28084464018719
9,828,2004,1.15513128068612
6,828,2004,3.59826028802903
1,828,2004,0.451056465811357
4,828,2004,3.86018784816745
8,828,2004,5.24540270719408
5,828,2004,6.78387459074291
7,828,2004,1.15775258071206
10,828,2004,2.01303721136893
3,828,2004,1.45445238710088
2,828,2005,136.21581813406
9,828,2005,25.0519096498802
6,828,2005,78.0372699966295
1,828,2005,9.78228710228381
4,828,2005,83.7178239571316
8,828,2005,113.759671212272
5,828,2005,147.125280186737
7,828,2005,25.1087590941928
10,828,2005,43.6577445215636
3,828,2005,31.5434361452504
2,828,2006,191.958314315721
9,828,2006,35.3036997659695
6,828,2006,109.971830052887
1,828,2006,13.7854132363596
4,828,2006,117.976991109618
8,828,2006,160.312620238619
5,828,2006,207.33216717958
7,828,2006,35.3838132480124
10,828,2006,61.5234497724628
3,828,2006,44.4517010807707
2,828,2007,98.5307502929365
9,828,2007,18.1211219657635
6,828,2007,56.4477082684553
1,828,2007,7.07594830741567
4,828,2007,60.5566968681269
8,828,2007,82.2872549691072
5,828,2007,106.422032642279
7,828,2007,18.1622436099205
10,828,2007,31.57952125335
3,828,2007,22.8167218226451
2,828,2008,440.836783183138
9,828,2008,81.0757767631569
6,828,2008,252.552893966037
1,828,2008,31.6585256941346
4,828,2008,270.936934593253
8,828,2008,368.161702511185
5,828,2008,476.143197837768
7,828,2008,81.2597592587278
10,828,2008,141.290049272956
3,828,2008,102.084376919643
2,828,2009,0
9,828,2009,0
6,828,2009,0
1,828,2009,0
4,828,2009,0
8,828,2009,0
5,828,2009,0
7,828,2009,0
10,828,2009,0
3,828,2009,0
2,828,2010,0
9,828,2010,0
6,828,2010,0
1,828,2010,0
4,828,2010,0
8,828,2010,0
5,828,2010,0
7,828,2010,0
10,828,2010,0
3,828,2010,0
2,828,2011,0
9,828,2011,0
6,828,2011,0
1,828,2011,0
4,828,2011,0
8,828,2011,0
5,828,2011,0
7,828,2011,0
10,828,2011,0
3,828,2011,0
2,828,2012,0
9,828,2012,0
6,828,2012,0
1,828,2012,0
4,828,2012,0
8,828,2012,0
5,828,2012,0
7,828,2012,0
10,828,2012,0
3,828,2012,0
2,829,2003,24.9271021657429
9,829,2003,4.58442727022303
6,829,2003,14.2805955181152
1,829,2003,1.79013034868882
4,829,2003,15.3201205224146
8,829,2003,20.8176919941765
5,829,2003,26.9235022820109
7,829,2003,4.59483055470099
10,829,2003,7.98924143262042
3,829,2003,5.77235791130663
2,829,2004,25.1233785607488
9,829,2004,4.62052512274447
6,829,2004,14.3930411521161
1,829,2004,1.80422586324543
4,829,2004,15.4407513926698
8,829,2004,20.9816108287763
5,829,2004,27.1354983629716
7,829,2004,4.63101032284824
10,829,2004,8.0521488454757
3,829,2004,5.81780954840353
2,829,2005,21.0015742656259
9,829,2005,3.86247021979421
6,829,2005,12.0316828380971
1,829,2005,1.50822005755673
4,829,2005,12.9075031173099
8,829,2005,17.5393153021802
5,829,2005,22.6835806627966
7,829,2005,3.87123519175595
10,829,2005,6.73109317551484
3,829,2005,4.86332516936858
2,829,2006,25.9084841407721
9,829,2006,4.76491653283024
6,829,2006,14.8428236881197
1,829,2006,1.86060792147185
4,829,2006,15.9232748736907
8,829,2006,21.6372861671756
5,829,2006,27.9834826868145
7,829,2006,4.77572939543725
10,829,2006,8.30377849689682
3,829,2006,5.99961609679114
2,829,2007,25.3196549557546
9,829,2007,4.65662297526591
6,829,2007,14.505486786117
1,829,2007,1.81832137780203
4,829,2007,15.561382262925
8,829,2007,21.1455296633762
5,829,2007,27.3474944439324
7,829,2007,4.6671900909955
10,829,2007,8.11505625833098
3,829,2007,5.86326118550043
2,829,2008,23.3568910056961
9,829,2008,4.2956444500515
6,829,2008,13.3810304461079
1,829,2008,1.67736623223598
4,829,2008,14.3550735603727
8,829,2008,19.506341317378
5,829,2008,25.2275336343252
7,829,2008,4.30539240952298
10,829,2008,7.48598212977819
3,829,2008,5.40874481453141
2,829,2009,0
9,829,2009,0
6,829,2009,0
1,829,2009,0
4,829,2009,0
8,829,2009,0
5,829,2009,0
7,829,2009,0
10,829,2009,0
3,829,2009,0
2,829,2010,7.65477940522814
9,829,2010,1.40781624833621
6,829,2010,4.38537972603538
1,829,2010,0.549725067707592
4,829,2010,4.70460393995408
8,829,2010,6.39283454939279
5,829,2010,8.26784715746792
7,829,2010,1.41101095774282
10,829,2010,2.45338910135588
3,829,2010,1.7726138467792
2,829,2011,0
9,829,2011,0
6,829,2011,0
1,829,2011,0
4,829,2011,0
8,829,2011,0
5,829,2011,0
7,829,2011,0
10,829,2011,0
3,829,2011,0
2,829,2012,23.7494437957078
9,829,2012,4.36784015509438
6,829,2012,13.6059217141098
1,829,2012,1.70555726134919
4,829,2012,14.5963353008832
8,829,2012,19.8341789865776
5,829,2012,25.6515257962466
7,829,2012,4.37775194581748
10,829,2012,7.61179695548875
3,829,2012,5.49964808872521
2,830,2003,1.5702111600468
9,830,2003,0.288782820171529
6,830,2003,0.899565072007256
1,830,2003,0.112764116452839
4,830,2003,0.965046962041863
8,830,2003,1.31135067679852
5,830,2003,1.69596864768573
7,830,2003,0.289438145178015
10,830,2003,0.503259302842231
3,830,2003,0.363613096775221
2,830,2004,2.3553167400702
9,830,2004,0.433174230257294
6,830,2004,1.34934760801088
1,830,2004,0.169146174679259
4,830,2004,1.44757044306279
8,830,2004,1.96702601519778
5,830,2004,2.54395297152859
7,830,2004,0.434157217767023
10,830,2004,0.754888954263347
3,830,2004,0.545419645162831
2,830,2005,3.14042232009359
9,830,2005,0.577565640343059
6,830,2005,1.79913014401451
1,830,2005,0.225528232905679
4,830,2005,1.93009392408373
8,830,2005,2.62270135359704
5,830,2005,3.39193729537145
7,830,2005,0.57887629035603
10,830,2005,1.00651860568446
3,830,2005,0.727226193550441
2,830,2006,2.15904034506435
9,830,2006,0.397076377735853
6,830,2006,1.23690197400998
1,830,2006,0.155050660122654
4,830,2006,1.32693957280756
8,830,2006,1.80310718059797
5,830,2006,2.33195689056787
7,830,2006,0.397977449619771
10,830,2006,0.691981541408068
3,830,2006,0.499968008065929
2,830,2007,5.29946266515794
9,830,2007,0.974642018078912
6,830,2007,3.03603211802449
1,830,2007,0.380578893028333
4,830,2007,3.25703349689129
8,830,2007,4.42580853419501
5,830,2007,5.72389418593933
7,830,2007,0.976853739975801
10,830,2007,1.69850014709253
3,830,2007,1.22719420161637
2,830,2008,5.88829185017549
9,830,2008,1.08293557564324
6,830,2008,3.37336902002721
1,830,2008,0.422865436698147
4,830,2008,3.61892610765699
8,830,2008,4.91756503799445
5,830,2008,6.35988242882148
7,830,2008,1.08539304441756
10,830,2008,1.88722238565837
3,830,2008,1.36354911290708
2,830,2009,0
9,830,2009,0
6,830,2009,0
1,830,2009,0
4,830,2009,0
8,830,2009,0
5,830,2009,0
7,830,2009,0
10,830,2009,0
3,830,2009,0
2,830,2010,0
9,830,2010,0
6,830,2010,0
1,830,2010,0
4,830,2010,0
8,830,2010,0
5,830,2010,0
7,830,2010,0
10,830,2010,0
3,830,2010,0
2,830,2011,0
9,830,2011,0
6,830,2011,0
1,830,2011,0
4,830,2011,0
8,830,2011,0
5,830,2011,0
7,830,2011,0
10,830,2011,0
3,830,2011,0
2,830,2012,0
9,830,2012,0
6,830,2012,0
1,830,2012,0
4,830,2012,0
8,830,2012,0
5,830,2012,0
7,830,2012,0
10,830,2012,0
3,830,2012,0
2,831,2003,113.055203523369
9,831,2003,20.7923630523501
6,831,2003,64.7686851845225
1,831,2003,8.11901638460443
4,831,2003,69.4833812670141
8,831,2003,94.4172487294935
5,831,2003,122.109742633372
7,831,2003,20.8395464528171
10,831,2003,36.2346698046407
3,831,2003,26.1801429678159
2,831,2004,416.694786597419
9,831,2004,76.6357409030196
6,831,2004,238.722080983926
1,831,2004,29.9247774036722
4,831,2004,256.099337551859
8,831,2004,347.999685855408
5,831,2004,450.0676798796
7,831,2004,76.8096477766158
10,831,2004,133.552437491757
3,831,2004,96.4938255567242
2,831,2005,369.195899006003
9,831,2005,67.9000605928309
6,831,2005,211.510237555706
1,831,2005,26.5136628809738
4,831,2005,226.906666950093
8,831,2005,308.331327882252
5,831,2005,398.764628287107
7,831,2005,68.0541438849808
10,831,2005,118.32884358078
3,831,2005,85.4945293792738
2,831,2006,245.738046547324
9,831,2006,45.1945113568444
6,831,2006,140.781933769136
1,831,2006,17.6475842248694
4,831,2006,151.029849559552
8,831,2006,205.226380918969
5,831,2006,265.419093362816
7,831,2006,45.2970697203594
10,831,2006,78.7600808948092
3,831,2006,56.905449645322
2,831,2007,337.20284662005
9,831,2007,62.016110631836
6,831,2007,193.181599213558
1,831,2007,24.2160940082472
4,831,2007,207.24383509849
8,831,2007,281.612557842482
5,831,2007,364.20926709051
7,831,2007,62.1568416769788
10,831,2007,108.074935285369
3,831,2007,78.0859125324787
2,831,2008,180.18173061537
9,831,2008,33.137828614683
6,831,2008,103.225092012833
1,831,2008,12.9396823629633
4,831,2008,110.739138894304
8,831,2008,150.47749016263
5,831,2008,194.612402321937
7,831,2008,33.2130271591772
10,831,2008,57.749005001146
3,831,2008,41.7246028549566
2,831,2009,0
9,831,2009,0
6,831,2009,0
1,831,2009,0
4,831,2009,0
8,831,2009,0
5,831,2009,0
7,831,2009,0
10,831,2009,0
3,831,2009,0
2,831,2010,0
9,831,2010,0
6,831,2010,0
1,831,2010,0
4,831,2010,0
8,831,2010,0
5,831,2010,0
7,831,2010,0
10,831,2010,0
3,831,2010,0
2,831,2011,0
9,831,2011,0
6,831,2011,0
1,831,2011,0
4,831,2011,0
8,831,2011,0
5,831,2011,0
7,831,2011,0
10,831,2011,0
3,831,2011,0
2,831,2012,0
9,831,2012,0
6,831,2012,0
1,831,2012,0
4,831,2012,0
8,831,2012,0
5,831,2012,0
7,831,2012,0
10,831,2012,0
3,831,2012,0
2,832,2003,19.627639500585
9,832,2003,3.60978525214412
6,832,2003,11.2445634000907
1,832,2003,1.40955145566049
4,832,2003,12.0630870255233
8,832,2003,16.3918834599815
5,832,2003,21.1996080960716
7,832,2003,3.61797681472519
10,832,2003,6.29074128552789
3,832,2003,4.54516370969026
2,832,2004,0.392552790011699
9,832,2004,0.0721957050428824
6,832,2004,0.224891268001814
1,832,2004,0.0281910291132098
4,832,2004,0.241261740510466
8,832,2004,0.32783766919963
5,832,2004,0.423992161921432
7,832,2004,0.0723595362945038
10,832,2004,0.125814825710558
3,832,2004,0.0909032741938052
2,832,2005,0
9,832,2005,0
6,832,2005,0
1,832,2005,0
4,832,2005,0
8,832,2005,0
5,832,2005,0
7,832,2005,0
10,832,2005,0
3,832,2005,0
2,832,2006,0
9,832,2006,0
6,832,2006,0
1,832,2006,0
4,832,2006,0
8,832,2006,0
5,832,2006,0
7,832,2006,0
10,832,2006,0
3,832,2006,0
2,832,2007,0
9,832,2007,0
6,832,2007,0
1,832,2007,0
4,832,2007,0
8,832,2007,0
5,832,2007,0
7,832,2007,0
10,832,2007,0
3,832,2007,0
2,832,2008,13.5430712554036
9,832,2008,2.49075182397944
6,832,2008,7.75874874606259
1,832,2008,0.972590504405739
4,832,2008,8.32353004761107
8,832,2008,11.3103995873872
5,832,2008,14.6277295862894
7,832,2008,2.49640400216038
10,832,2008,4.34061148701424
3,832,2008,3.13616295968628
2,832,2009,0
9,832,2009,0
6,832,2009,0
1,832,2009,0
4,832,2009,0
8,832,2009,0
5,832,2009,0
7,832,2009,0
10,832,2009,0
3,832,2009,0
2,832,2010,0
9,832,2010,0
6,832,2010,0
1,832,2010,0
4,832,2010,0
8,832,2010,0
5,832,2010,0
7,832,2010,0
10,832,2010,0
3,832,2010,0
2,832,2011,20.0201922905967
9,832,2011,3.681980957187
6,832,2011,11.4694546680925
1,832,2011,1.4377424847737
4,832,2011,12.3043487660338
8,832,2011,16.7197211291811
5,832,2011,21.623600257993
7,832,2011,3.69033635101969
10,832,2011,6.41655611123845
3,832,2011,4.63606698388406
2,832,2012,25.5159313507605
9,832,2012,4.69272082778735
6,832,2012,14.6179324201179
1,832,2012,1.83241689235864
4,832,2012,15.6820131331803
8,832,2012,21.309448497976
5,832,2012,27.5594905248931
7,832,2012,4.70336985914275
10,832,2012,8.17796367118626
3,832,2012,5.90871282259734
2,833,2003,0
9,833,2003,0
6,833,2003,0
1,833,2003,0
4,833,2003,0
8,833,2003,0
5,833,2003,0
7,833,2003,0
10,833,2003,0
3,833,2003,0
2,833,2004,0
9,833,2004,0
6,833,2004,0
1,833,2004,0
4,833,2004,0
8,833,2004,0
5,833,2004,0
7,833,2004,0
10,833,2004,0
3,833,2004,0
2,833,2005,0
9,833,2005,0
6,833,2005,0
1,833,2005,0
4,833,2005,0
8,833,2005,0
5,833,2005,0
7,833,2005,0
10,833,2005,0
3,833,2005,0
2,833,2006,0
9,833,2006,0
6,833,2006,0
1,833,2006,0
4,833,2006,0
8,833,2006,0
5,833,2006,0
7,833,2006,0
10,833,2006,0
3,833,2006,0
2,833,2007,0
9,833,2007,0
6,833,2007,0
1,833,2007,0
4,833,2007,0
8,833,2007,0
5,833,2007,0
7,833,2007,0
10,833,2007,0
3,833,2007,0
2,833,2008,0
9,833,2008,0
6,833,2008,0
1,833,2008,0
4,833,2008,0
8,833,2008,0
5,833,2008,0
7,833,2008,0
10,833,2008,0
3,833,2008,0
2,833,2009,0
9,833,2009,0
6,833,2009,0
1,833,2009,0
4,833,2009,0
8,833,2009,0
5,833,2009,0
7,833,2009,0
10,833,2009,0
3,833,2009,0
2,833,2010,0
9,833,2010,0
6,833,2010,0
1,833,2010,0
4,833,2010,0
8,833,2010,0
5,833,2010,0
7,833,2010,0
10,833,2010,0
3,833,2010,0
2,833,2011,0
9,833,2011,0
6,833,2011,0
1,833,2011,0
4,833,2011,0
8,833,2011,0
5,833,2011,0
7,833,2011,0
10,833,2011,0
3,833,2011,0
2,833,2012,0
9,833,2012,0
6,833,2012,0
1,833,2012,0
4,833,2012,0
8,833,2012,0
5,833,2012,0
7,833,2012,0
10,833,2012,0
3,833,2012,0
2,834,2003,0
9,834,2003,0
6,834,2003,0
1,834,2003,0
4,834,2003,0
8,834,2003,0
5,834,2003,0
7,834,2003,0
10,834,2003,0
3,834,2003,0
2,834,2004,0
9,834,2004,0
6,834,2004,0
1,834,2004,0
4,834,2004,0
8,834,2004,0
5,834,2004,0
7,834,2004,0
10,834,2004,0
3,834,2004,0
2,834,2006,1.9627639500585
9,834,2006,0.360978525214412
6,834,2006,1.12445634000907
1,834,2006,0.140955145566049
4,834,2006,1.20630870255233
8,834,2006,1.63918834599815
5,834,2006,2.11996080960716
7,834,2006,0.361797681472519
10,834,2006,0.629074128552789
3,834,2006,0.454516370969026
2,834,2007,7.85105580023398
9,834,2007,1.44391410085765
6,834,2007,4.49782536003628
1,834,2007,0.563820582264197
4,834,2007,4.82523481020931
8,834,2007,6.55675338399261
5,834,2007,8.47984323842864
7,834,2007,1.44719072589008
10,834,2007,2.51629651421116
3,834,2007,1.8180654838761
2,834,2008,1.1776583700351
9,834,2008,0.216587115128647
6,834,2008,0.674673804005442
1,834,2008,0.0845730873396295
4,834,2008,0.723785221531397
8,834,2008,0.983513007598891
5,834,2008,1.2719764857643
7,834,2008,0.217078608883511
10,834,2008,0.377444477131674
3,834,2008,0.272709822581416
2,834,2009,0
9,834,2009,0
6,834,2009,0
1,834,2009,0
4,834,2009,0
8,834,2009,0
5,834,2009,0
7,834,2009,0
10,834,2009,0
3,834,2009,0
2,834,2010,0
9,834,2010,0
6,834,2010,0
1,834,2010,0
4,834,2010,0
8,834,2010,0
5,834,2010,0
7,834,2010,0
10,834,2010,0
3,834,2010,0
2,834,2011,0
9,834,2011,0
6,834,2011,0
1,834,2011,0
4,834,2011,0
8,834,2011,0
5,834,2011,0
7,834,2011,0
10,834,2011,0
3,834,2011,0
2,834,2012,0
9,834,2012,0
6,834,2012,0
1,834,2012,0
4,834,2012,0
8,834,2012,0
5,834,2012,0
7,834,2012,0
10,834,2012,0
3,834,2012,0
2,835,2003,56.5276017616847
9,835,2003,10.3961815261751
6,835,2003,32.3843425922612
1,835,2003,4.05950819230222
4,835,2003,34.7416906335071
8,835,2003,47.2086243647468
5,835,2003,61.0548713166862
7,835,2003,10.4197732264085
10,835,2003,18.1173349023203
3,835,2003,13.0900714839079
2,835,2004,24.1419965857195
9,835,2004,4.44003586013727
6,835,2004,13.8308129821116
1,835,2004,1.7337482904624
4,835,2004,14.8375970413936
8,835,2004,20.1620166557773
5,835,2004,26.0755179581681
7,835,2004,4.45011148211198
10,835,2004,7.73761178119931
3,835,2004,5.59055136291902
2,835,2005,58.8829185017549
9,835,2005,10.8293557564324
6,835,2005,33.7336902002721
1,835,2005,4.22865436698147
4,835,2005,36.1892610765699
8,835,2005,49.1756503799445
5,835,2005,63.5988242882148
7,835,2005,10.8539304441756
10,835,2005,18.8722238565837
3,835,2005,13.6354911290708
2,835,2006,40.432937371205
9,835,2006,7.43615761941688
6,835,2006,23.1638006041869
1,835,2006,2.90367599866061
4,835,2006,24.849959272578
8,835,2006,33.7672799275619
5,835,2006,43.6711926779075
7,835,2006,7.45303223833389
10,835,2006,12.9589270481875
3,835,2006,9.36303724196193
2,835,2007,29.0489064608657
9,835,2007,5.34248217317329
6,835,2007,16.6419538321342
1,835,2007,2.08613615437753
4,835,2007,17.8533687977745
8,835,2007,24.2599875207726
5,835,2007,31.375419982186
7,835,2007,5.35460568579328
10,835,2007,9.31029710258128
3,835,2007,6.72684229034158
2,835,2008,42.5919777162694
9,835,2008,7.83323399715274
6,835,2008,24.4007025781968
1,835,2008,3.05872665878327
4,835,2008,26.1768988453855
8,835,2008,35.5703871081599
5,835,2008,46.0031495684754
7,835,2008,7.85100968795366
10,835,2008,13.6509085895955
3,835,2008,9.86300525002786
2,835,2009,0
9,835,2009,0
6,835,2009,0
1,835,2009,0
4,835,2009,0
8,835,2009,0
5,835,2009,0
7,835,2009,0
10,835,2009,0
3,835,2009,0
2,835,2010,0
9,835,2010,0
6,835,2010,0
1,835,2010,0
4,835,2010,0
8,835,2010,0
5,835,2010,0
7,835,2010,0
10,835,2010,0
3,835,2010,0
2,835,2011,0
9,835,2011,0
6,835,2011,0
1,835,2011,0
4,835,2011,0
8,835,2011,0
5,835,2011,0
7,835,2011,0
10,835,2011,0
3,835,2011,0
2,835,2012,0
9,835,2012,0
6,835,2012,0
1,835,2012,0
4,835,2012,0
8,835,2012,0
5,835,2012,0
7,835,2012,0
10,835,2012,0
3,835,2012,0
2,836,2003,0
9,836,2003,0
6,836,2003,0
1,836,2003,0
4,836,2003,0
8,836,2003,0
5,836,2003,0
7,836,2003,0
10,836,2003,0
3,836,2003,0
2,836,2004,25.5159313507605
9,836,2004,4.69272082778735
6,836,2004,14.6179324201179
1,836,2004,1.83241689235864
4,836,2004,15.6820131331803
8,836,2004,21.309448497976
5,836,2004,27.5594905248931
7,836,2004,4.70336985914275
10,836,2004,8.17796367118626
3,836,2004,5.90871282259734
2,836,2005,0
9,836,2005,0
6,836,2005,0
1,836,2005,0
4,836,2005,0
8,836,2005,0
5,836,2005,0
7,836,2005,0
10,836,2005,0
3,836,2005,0
2,836,2006,29.4414592508774
9,836,2006,5.41467787821618
6,836,2006,16.8668451001361
1,836,2006,2.11432718349074
4,836,2006,18.0946305382849
8,836,2006,24.5878251899723
5,836,2006,31.7994121441074
7,836,2006,5.42696522208778
10,836,2006,9.43611192829184
3,836,2006,6.81774556453539
2,836,2007,0
9,836,2007,0
6,836,2007,0
1,836,2007,0
4,836,2007,0
8,836,2007,0
5,836,2007,0
7,836,2007,0
10,836,2007,0
3,836,2007,0
2,836,2008,0
9,836,2008,0
6,836,2008,0
1,836,2008,0
4,836,2008,0
8,836,2008,0
5,836,2008,0
7,836,2008,0
10,836,2008,0
3,836,2008,0
2,836,2009,0
9,836,2009,0
6,836,2009,0
1,836,2009,0
4,836,2009,0
8,836,2009,0
5,836,2009,0
7,836,2009,0
10,836,2009,0
3,836,2009,0
2,836,2010,0
9,836,2010,0
6,836,2010,0
1,836,2010,0
4,836,2010,0
8,836,2010,0
5,836,2010,0
7,836,2010,0
10,836,2010,0
3,836,2010,0
2,836,2011,0
9,836,2011,0
6,836,2011,0
1,836,2011,0
4,836,2011,0
8,836,2011,0
5,836,2011,0
7,836,2011,0
10,836,2011,0
3,836,2011,0
2,836,2012,0
9,836,2012,0
6,836,2012,0
1,836,2012,0
4,836,2012,0
8,836,2012,0
5,836,2012,0
7,836,2012,0
10,836,2012,0
3,836,2012,0
2,837,2003,40361.4927634229
9,837,2003,7423.01800109908
6,837,2003,23122.8703934105
1,837,2003,2898.54523136201
4,837,2003,24806.0496358051
8,837,2003,33707.6134717676
5,837,2003,43594.0261044378
7,837,2003,7439.86280272829
10,837,2003,12936.0287499081
3,837,2003,9346.49284605866
2,837,2004,45464.09020439
9,837,2004,8361.45387309898
6,837,2004,26046.1195405321
1,837,2004,3264.98632329007
4,837,2004,27942.0903698304
8,837,2004,37969.011414859
5,837,2004,49105.2882211735
7,837,2004,8380.4282352524
10,837,2004,14571.4327619068
3,837,2004,10528.0990556668
2,837,2005,31044.2522924952
9,837,2005,5709.45294190627
6,837,2005,17785.0761473875
1,837,2005,2229.43115535997
4,837,2005,19079.7022247892
8,837,2005,25926.3863933144
5,837,2005,33530.5721412326
7,837,2005,5722.40920877824
10,837,2005,9949.81386166804
3,837,2005,7188.9036330687
2,837,2006,44913.9274691886
9,837,2006,8260.27159248139
6,837,2006,25730.9344284276
1,837,2006,3225.4765959879
4,837,2006,27603.9620405049
8,837,2006,37509.5469214757
5,837,2006,48511.0632062406
7,837,2006,8279.01634513565
10,837,2006,14395.1032836735
3,837,2006,10400.6981168842
2,837,2007,41146.0095142613
9,837,2007,7567.30111762728
6,837,2007,23572.3155925122
1,837,2007,2954.88500304476
4,837,2007,25288.2112242152
8,837,2007,34362.797053663
5,837,2007,44441.3744400378
7,837,2007,7584.47333601286
10,837,2007,13187.4696790907
3,837,2007,9528.16303953498
2,837,2008,35381.7643457295
9,837,2008,6507.17938477759
6,837,2008,20270.0122131735
1,837,2008,2540.92793154638
4,837,2008,21745.5238265596
8,837,2008,29548.8287191357
5,837,2008,38215.4735343835
7,837,2008,6521.94590506436
10,837,2008,11340.0047783569
3,837,2008,8193.33936127315
2,837,2009,38283.710845891
9,837,2009,7040.8861343071
6,837,2009,21932.5209118769
1,837,2009,2749.33011426579
4,837,2009,23529.0512432832
8,837,2009,31972.3686886939
5,837,2009,41349.8355913876
7,837,2009,7056.86377712148
10,837,2009,12270.0908774222
3,837,2009,8865.34181575085
2,837,2010,36169.2252424929
9,837,2010,6652.00396909362
6,837,2010,20721.1440967851
1,837,2010,2597.47913594748
4,837,2010,22229.4948780235
8,837,2010,30206.4710835501
5,837,2010,39066.0018111978
7,837,2010,6667.09913487114
10,837,2010,11592.3893187322
3,837,2010,8375.69132930592
2,837,2011,0
9,837,2011,0
6,837,2011,0
1,837,2011,0
4,837,2011,0
8,837,2011,0
5,837,2011,0
7,837,2011,0
10,837,2011,0
3,837,2011,0
2,837,2012,39095.3137392402
9,837,2012,7190.15075448326
6,837,2012,22397.4836084707
1,837,2012,2807.61506695735
4,837,2012,24027.8598917886
8,837,2012,32650.1730697642
5,837,2012,42226.4393861602
7,837,2012,7206.46711841037
10,837,2012,12530.2130295787
3,837,2012,9053.28433514654
2,838,2004,101.474896218024
9,838,2004,18.6625897535851
6,838,2004,58.1343927784689
1,838,2004,7.28738102576474
4,838,2004,62.3661599219554
8,838,2004,84.7460374881044
5,838,2004,109.60197385669
7,838,2004,18.7049401321292
10,838,2004,32.5231324461792
3,838,2004,23.4984963790986
2,838,2005,0
9,838,2005,0
6,838,2005,0
1,838,2005,0
4,838,2005,0
8,838,2005,0
5,838,2005,0
7,838,2005,0
10,838,2005,0
3,838,2005,0
2,838,2006,0
9,838,2006,0
6,838,2006,0
1,838,2006,0
4,838,2006,0
8,838,2006,0
5,838,2006,0
7,838,2006,0
10,838,2006,0
3,838,2006,0
2,838,2007,0
9,838,2007,0
6,838,2007,0
1,838,2007,0
4,838,2007,0
8,838,2007,0
5,838,2007,0
7,838,2007,0
10,838,2007,0
3,838,2007,0
2,838,2008,0
9,838,2008,0
6,838,2008,0
1,838,2008,0
4,838,2008,0
8,838,2008,0
5,838,2008,0
7,838,2008,0
10,838,2008,0
3,838,2008,0
2,838,2009,0
9,838,2009,0
6,838,2009,0
1,838,2009,0
4,838,2009,0
8,838,2009,0
5,838,2009,0
7,838,2009,0
10,838,2009,0
3,838,2009,0
2,838,2010,0
9,838,2010,0
6,838,2010,0
1,838,2010,0
4,838,2010,0
8,838,2010,0
5,838,2010,0
7,838,2010,0
10,838,2010,0
3,838,2010,0
2,838,2011,0
9,838,2011,0
6,838,2011,0
1,838,2011,0
4,838,2011,0
8,838,2011,0
5,838,2011,0
7,838,2011,0
10,838,2011,0
3,838,2011,0
2,838,2012,0
9,838,2012,0
6,838,2012,0
1,838,2012,0
4,838,2012,0
8,838,2012,0
5,838,2012,0
7,838,2012,0
10,838,2012,0
3,838,2012,0
2,839,2005,1.5702111600468
9,839,2005,0.288782820171529
6,839,2005,0.899565072007256
1,839,2005,0.112764116452839
4,839,2005,0.965046962041863
8,839,2005,1.31135067679852
5,839,2005,1.69596864768573
7,839,2005,0.289438145178015
10,839,2005,0.503259302842231
3,839,2005,0.363613096775221
2,839,2006,6.28084464018719
9,839,2006,1.15513128068612
6,839,2006,3.59826028802903
1,839,2006,0.451056465811357
4,839,2006,3.86018784816745
8,839,2006,5.24540270719408
5,839,2006,6.78387459074291
7,839,2006,1.15775258071206
10,839,2006,2.01303721136893
3,839,2006,1.45445238710088
2,839,2007,7.06595022021059
9,839,2007,1.29952269077188
6,839,2007,4.04804282403265
1,839,2007,0.507438524037777
4,839,2007,4.34271132918838
8,839,2007,5.90107804559334
5,839,2007,7.63185891458577
7,839,2007,1.30247165330107
10,839,2007,2.26466686279004
3,839,2007,1.63625893548849
2,839,2008,11.776583700351
9,839,2008,2.16587115128647
6,839,2008,6.74673804005442
1,839,2008,0.845730873396295
4,839,2008,7.23785221531397
8,839,2008,9.83513007598891
5,839,2008,12.719764857643
7,839,2008,2.17078608883511
10,839,2008,3.77444477131673
3,839,2008,2.72709822581416
2,839,2009,0.981381975029248
9,839,2009,0.180489262607206
6,839,2009,0.562228170004535
1,839,2009,0.0704775727830246
4,839,2009,0.603154351276164
8,839,2009,0.819594172999076
5,839,2009,1.05998040480358
7,839,2009,0.18089884073626
10,839,2009,0.314537064276395
3,839,2009,0.227258185484513
2,839,2010,0
9,839,2010,0
6,839,2010,0
1,839,2010,0
4,839,2010,0
8,839,2010,0
5,839,2010,0
7,839,2010,0
10,839,2010,0
3,839,2010,0
2,839,2011,0
9,839,2011,0
6,839,2011,0
1,839,2011,0
4,839,2011,0
8,839,2011,0
5,839,2011,0
7,839,2011,0
10,839,2011,0
3,839,2011,0
2,839,2012,0
9,839,2012,0
6,839,2012,0
1,839,2012,0
4,839,2012,0
8,839,2012,0
5,839,2012,0
7,839,2012,0
10,839,2012,0
3,839,2012,0
2,840,2010,0.19627639500585
9,840,2010,0.0360978525214412
6,840,2010,0.112445634000907
1,840,2010,0.0140955145566049
4,840,2010,0.120630870255233
8,840,2010,0.163918834599815
5,840,2010,0.211996080960716
7,840,2010,0.0361797681472519
10,840,2010,0.0629074128552789
3,840,2010,0.0454516370969026
2,840,2011,0
9,840,2011,0
6,840,2011,0
1,840,2011,0
4,840,2011,0
8,840,2011,0
5,840,2011,0
7,840,2011,0
10,840,2011,0
3,840,2011,0
2,840,2012,0
9,840,2012,0
6,840,2012,0
1,840,2012,0
4,840,2012,0
8,840,2012,0
5,840,2012,0
7,840,2012,0
10,840,2012,0
3,840,2012,0
2,841,2003,8.63616138025738
9,841,2003,1.58830551094341
6,841,2003,4.94760789603991
1,841,2003,0.620202640490616
4,841,2003,5.30775829123025
8,841,2003,7.21242872239187
5,841,2003,9.3278275622715
7,841,2003,1.59190979847908
10,841,2003,2.76792616563227
3,841,2003,1.99987203226371
2,841,2004,6.67339743019889
9,841,2004,1.227326985729
6,841,2004,3.82315155603084
1,841,2004,0.479247494924567
4,841,2004,4.10144958867792
8,841,2004,5.57324037639371
5,841,2004,7.20786675266434
7,841,2004,1.23011211700656
10,841,2004,2.13885203707948
3,841,2004,1.54535566129469
2,841,2005,5.49573906016379
9,841,2005,1.01073987060035
6,841,2005,3.1484777520254
1,841,2005,0.394674407584938
4,841,2005,3.37766436714652
8,841,2005,4.58972736879482
5,841,2005,5.93589026690004
7,841,2005,1.01303350812305
10,841,2005,1.76140755994781
3,841,2005,1.27264583871327
2,841,2006,2.15904034506435
9,841,2006,0.397076377735853
6,841,2006,1.23690197400998
1,841,2006,0.155050660122654
4,841,2006,1.32693957280756
8,841,2006,1.80310718059797
5,841,2006,2.33195689056787
7,841,2006,0.397977449619771
10,841,2006,0.691981541408068
3,841,2006,0.499968008065929
2,841,2007,1.1776583700351
9,841,2007,0.216587115128647
6,841,2007,0.674673804005442
1,841,2007,0.0845730873396295
4,841,2007,0.723785221531397
8,841,2007,0.983513007598891
5,841,2007,1.2719764857643
7,841,2007,0.217078608883511
10,841,2007,0.377444477131674
3,841,2007,0.272709822581416
2,841,2008,0
9,841,2008,0
6,841,2008,0
1,841,2008,0
4,841,2008,0
8,841,2008,0
5,841,2008,0
7,841,2008,0
10,841,2008,0
3,841,2008,0
2,841,2009,0
9,841,2009,0
6,841,2009,0
1,841,2009,0
4,841,2009,0
8,841,2009,0
5,841,2009,0
7,841,2009,0
10,841,2009,0
3,841,2009,0
2,841,2010,0
9,841,2010,0
6,841,2010,0
1,841,2010,0
4,841,2010,0
8,841,2010,0
5,841,2010,0
7,841,2010,0
10,841,2010,0
3,841,2010,0
2,841,2011,0
9,841,2011,0
6,841,2011,0
1,841,2011,0
4,841,2011,0
8,841,2011,0
5,841,2011,0
7,841,2011,0
10,841,2011,0
3,841,2011,0
2,841,2012,0
9,841,2012,0
6,841,2012,0
1,841,2012,0
4,841,2012,0
8,841,2012,0
5,841,2012,0
7,841,2012,0
10,841,2012,0
3,841,2012,0
2,842,2003,0
9,842,2003,0
6,842,2003,0
1,842,2003,0
4,842,2003,0
8,842,2003,0
5,842,2003,0
7,842,2003,0
10,842,2003,0
3,842,2003,0
2,842,2004,0
9,842,2004,0
6,842,2004,0
1,842,2004,0
4,842,2004,0
8,842,2004,0
5,842,2004,0
7,842,2004,0
10,842,2004,0
3,842,2004,0
2,842,2005,0
9,842,2005,0
6,842,2005,0
1,842,2005,0
4,842,2005,0
8,842,2005,0
5,842,2005,0
7,842,2005,0
10,842,2005,0
3,842,2005,0
2,842,2006,0
9,842,2006,0
6,842,2006,0
1,842,2006,0
4,842,2006,0
8,842,2006,0
5,842,2006,0
7,842,2006,0
10,842,2006,0
3,842,2006,0
2,842,2007,0
9,842,2007,0
6,842,2007,0
1,842,2007,0
4,842,2007,0
8,842,2007,0
5,842,2007,0
7,842,2007,0
10,842,2007,0
3,842,2007,0
2,842,2008,0
9,842,2008,0
6,842,2008,0
1,842,2008,0
4,842,2008,0
8,842,2008,0
5,842,2008,0
7,842,2008,0
10,842,2008,0
3,842,2008,0
2,842,2009,0
9,842,2009,0
6,842,2009,0
1,842,2009,0
4,842,2009,0
8,842,2009,0
5,842,2009,0
7,842,2009,0
10,842,2009,0
3,842,2009,0
2,842,2010,0
9,842,2010,0
6,842,2010,0
1,842,2010,0
4,842,2010,0
8,842,2010,0
5,842,2010,0
7,842,2010,0
10,842,2010,0
3,842,2010,0
2,842,2011,0
9,842,2011,0
6,842,2011,0
1,842,2011,0
4,842,2011,0
8,842,2011,0
5,842,2011,0
7,842,2011,0
10,842,2011,0
3,842,2011,0
2,842,2012,0
9,842,2012,0
6,842,2012,0
1,842,2012,0
4,842,2012,0
8,842,2012,0
5,842,2012,0
7,842,2012,0
10,842,2012,0
3,842,2012,0
2,843,2003,0
9,843,2003,0
6,843,2003,0
1,843,2003,0
4,843,2003,0
8,843,2003,0
5,843,2003,0
7,843,2003,0
10,843,2003,0
3,843,2003,0
2,843,2004,0
9,843,2004,0
6,843,2004,0
1,843,2004,0
4,843,2004,0
8,843,2004,0
5,843,2004,0
7,843,2004,0
10,843,2004,0
3,843,2004,0
2,843,2005,0
9,843,2005,0
6,843,2005,0
1,843,2005,0
4,843,2005,0
8,843,2005,0
5,843,2005,0
7,843,2005,0
10,843,2005,0
3,843,2005,0
2,843,2006,0
9,843,2006,0
6,843,2006,0
1,843,2006,0
4,843,2006,0
8,843,2006,0
5,843,2006,0
7,843,2006,0
10,843,2006,0
3,843,2006,0
2,843,2007,0
9,843,2007,0
6,843,2007,0
1,843,2007,0
4,843,2007,0
8,843,2007,0
5,843,2007,0
7,843,2007,0
10,843,2007,0
3,843,2007,0
2,843,2008,0
9,843,2008,0
6,843,2008,0
1,843,2008,0
4,843,2008,0
8,843,2008,0
5,843,2008,0
7,843,2008,0
10,843,2008,0
3,843,2008,0
2,843,2009,0
9,843,2009,0
6,843,2009,0
1,843,2009,0
4,843,2009,0
8,843,2009,0
5,843,2009,0
7,843,2009,0
10,843,2009,0
3,843,2009,0
2,843,2010,0
9,843,2010,0
6,843,2010,0
1,843,2010,0
4,843,2010,0
8,843,2010,0
5,843,2010,0
7,843,2010,0
10,843,2010,0
3,843,2010,0
2,843,2011,0
9,843,2011,0
6,843,2011,0
1,843,2011,0
4,843,2011,0
8,843,2011,0
5,843,2011,0
7,843,2011,0
10,843,2011,0
3,843,2011,0
2,843,2012,0
9,843,2012,0
6,843,2012,0
1,843,2012,0
4,843,2012,0
8,843,2012,0
5,843,2012,0
7,843,2012,0
10,843,2012,0
3,843,2012,0
2,844,2003,756.056673562533
9,844,2003,139.048927912591
6,844,2003,433.140582171494
1,844,2003,54.2959220720421
4,844,2003,464.670112223157
8,844,2003,631.415350878488
5,844,2003,816.608903860678
7,844,2003,139.364466903214
10,844,2003,242.319354318534
3,844,2003,175.079706097269
2,844,2004,853.213489090428
9,844,2004,156.917364910705
6,844,2004,488.801171001943
1,844,2004,61.2732017775616
4,844,2004,524.382392999497
8,844,2004,712.555174005396
5,844,2004,921.546963936232
7,844,2004,157.273452136104
10,844,2004,273.458523681897
3,844,2004,197.578266460236
2,844,2005,1093.65207297259
9,844,2005,201.13723424947
6,844,2005,626.547072653054
1,844,2005,78.5402071094026
4,844,2005,672.155209062157
8,844,2005,913.35574639017
5,844,2005,1181.24216311311
7,844,2005,201.593668116488
10,844,2005,350.520104429614
3,844,2005,253.256521903941
2,844,2006,1259.89817954255
9,844,2006,231.712115335131
6,844,2006,721.788524651822
1,844,2006,90.4791079388469
4,844,2006,774.32955616834
8,844,2006,1052.19499929621
5,844,2006,1360.80284368684
7,844,2006,232.23793173721
10,844,2006,403.802683118035
3,844,2006,291.754058525018
2,844,2007,1342.13798905
9,844,2007,246.837115541615
6,844,2007,768.903245298202
1,844,2007,96.3851285380644
4,844,2007,824.873890805282
8,844,2007,1120.87699099354
5,844,2007,1449.62920160938
7,844,2007,247.397254590908
10,844,2007,430.160889104397
3,844,2007,310.79829446862
2,844,2008,1556.8643651864
9,844,2008,286.328166200071
6,844,2008,891.918768895195
1,844,2008,111.80562146299
4,844,2008,956.844062864507
8,844,2008,1300.20419604573
5,844,2008,1681.5529141804
7,844,2008,286.977920944002
10,844,2008,498.981598768072
3,844,2008,360.522385452631
2,844,2009,0
9,844,2009,0
6,844,2009,0
1,844,2009,0
4,844,2009,0
8,844,2009,0
5,844,2009,0
7,844,2009,0
10,844,2009,0
3,844,2009,0
2,844,2010,0
9,844,2010,0
6,844,2010,0
1,844,2010,0
4,844,2010,0
8,844,2010,0
5,844,2010,0
7,844,2010,0
10,844,2010,0
3,844,2010,0
2,844,2011,0
9,844,2011,0
6,844,2011,0
1,844,2011,0
4,844,2011,0
8,844,2011,0
5,844,2011,0
7,844,2011,0
10,844,2011,0
3,844,2011,0
2,844,2012,0
9,844,2012,0
6,844,2012,0
1,844,2012,0
4,844,2012,0
8,844,2012,0
5,844,2012,0
7,844,2012,0
10,844,2012,0
3,844,2012,0
2,845,2003,0.19627639500585
9,845,2003,0.0360978525214412
6,845,2003,0.112445634000907
1,845,2003,0.0140955145566049
4,845,2003,0.120630870255233
8,845,2003,0.163918834599815
5,845,2003,0.211996080960716
7,845,2003,0.0361797681472519
10,845,2003,0.0629074128552789
3,845,2003,0.0454516370969026
2,845,2004,0.19627639500585
9,845,2004,0.0360978525214412
6,845,2004,0.112445634000907
1,845,2004,0.0140955145566049
4,845,2004,0.120630870255233
8,845,2004,0.163918834599815
5,845,2004,0.211996080960716
7,845,2004,0.0361797681472519
10,845,2004,0.0629074128552789
3,845,2004,0.0454516370969026
2,845,2005,0.19627639500585
9,845,2005,0.0360978525214412
6,845,2005,0.112445634000907
1,845,2005,0.0140955145566049
4,845,2005,0.120630870255233
8,845,2005,0.163918834599815
5,845,2005,0.211996080960716
7,845,2005,0.0361797681472519
10,845,2005,0.0629074128552789
3,845,2005,0.0454516370969026
2,845,2006,0.19627639500585
9,845,2006,0.0360978525214412
6,845,2006,0.112445634000907
1,845,2006,0.0140955145566049
4,845,2006,0.120630870255233
8,845,2006,0.163918834599815
5,845,2006,0.211996080960716
7,845,2006,0.0361797681472519
10,845,2006,0.0629074128552789
3,845,2006,0.0454516370969026
2,845,2007,0.19627639500585
9,845,2007,0.0360978525214412
6,845,2007,0.112445634000907
1,845,2007,0.0140955145566049
4,845,2007,0.120630870255233
8,845,2007,0.163918834599815
5,845,2007,0.211996080960716
7,845,2007,0.0361797681472519
10,845,2007,0.0629074128552789
3,845,2007,0.0454516370969026
2,845,2008,0.19627639500585
9,845,2008,0.0360978525214412
6,845,2008,0.112445634000907
1,845,2008,0.0140955145566049
4,845,2008,0.120630870255233
8,845,2008,0.163918834599815
5,845,2008,0.211996080960716
7,845,2008,0.0361797681472519
10,845,2008,0.0629074128552789
3,845,2008,0.0454516370969026
2,845,2009,0
9,845,2009,0
6,845,2009,0
1,845,2009,0
4,845,2009,0
8,845,2009,0
5,845,2009,0
7,845,2009,0
10,845,2009,0
3,845,2009,0
2,845,2010,0
9,845,2010,0
6,845,2010,0
1,845,2010,0
4,845,2010,0
8,845,2010,0
5,845,2010,0
7,845,2010,0
10,845,2010,0
3,845,2010,0
2,845,2011,0
9,845,2011,0
6,845,2011,0
1,845,2011,0
4,845,2011,0
8,845,2011,0
5,845,2011,0
7,845,2011,0
10,845,2011,0
3,845,2011,0
2,845,2012,0
9,845,2012,0
6,845,2012,0
1,845,2012,0
4,845,2012,0
8,845,2012,0
5,845,2012,0
7,845,2012,0
10,845,2012,0
3,845,2012,0
2,846,2006,0.19627639500585
9,846,2006,0.0360978525214412
6,846,2006,0.112445634000907
1,846,2006,0.0140955145566049
4,846,2006,0.120630870255233
8,846,2006,0.163918834599815
5,846,2006,0.211996080960716
7,846,2006,0.0361797681472519
10,846,2006,0.0629074128552789
3,846,2006,0.0454516370969026
2,846,2007,0
9,846,2007,0
6,846,2007,0
1,846,2007,0
4,846,2007,0
8,846,2007,0
5,846,2007,0
7,846,2007,0
10,846,2007,0
3,846,2007,0
2,846,2008,0
9,846,2008,0
6,846,2008,0
1,846,2008,0
4,846,2008,0
8,846,2008,0
5,846,2008,0
7,846,2008,0
10,846,2008,0
3,846,2008,0
2,846,2009,0
9,846,2009,0
6,846,2009,0
1,846,2009,0
4,846,2009,0
8,846,2009,0
5,846,2009,0
7,846,2009,0
10,846,2009,0
3,846,2009,0
2,846,2010,0
9,846,2010,0
6,846,2010,0
1,846,2010,0
4,846,2010,0
8,846,2010,0
5,846,2010,0
7,846,2010,0
10,846,2010,0
3,846,2010,0
2,846,2011,0
9,846,2011,0
6,846,2011,0
1,846,2011,0
4,846,2011,0
8,846,2011,0
5,846,2011,0
7,846,2011,0
10,846,2011,0
3,846,2011,0
2,846,2012,0
9,846,2012,0
6,846,2012,0
1,846,2012,0
4,846,2012,0
8,846,2012,0
5,846,2012,0
7,846,2012,0
10,846,2012,0
3,846,2012,0
