"rgn_id","product","year","tonnes"
2,"fish_oil",1976,685.200894965421
9,"fish_oil",1976,126.017603152351
6,"fish_oil",1976,392.547708297167
1,"fish_oil",1976,49.2074413171078
4,"fish_oil",1976,421.122368061018
8,"fish_oil",1976,572.240651587955
5,"fish_oil",1976,740.078318633859
7,"fish_oil",1976,126.303570602056
10,"fish_oil",1976,219.609778277779
3,"fish_oil",1976,158.671665105287
2,"fish_oil",1977,673.42431126507
9,"fish_oil",1977,123.851732001065
6,"fish_oil",1977,385.800970257112
1,"fish_oil",1977,48.3617104437115
4,"fish_oil",1977,413.884515845704
8,"fish_oil",1977,562.405521511966
5,"fish_oil",1977,727.358553776216
7,"fish_oil",1977,124.132784513221
10,"fish_oil",1977,215.835333506462
3,"fish_oil",1977,155.944566879473
2,"fish_oil",1978,535.785489267218
9,"fish_oil",1978,98.5381129204041
6,"fish_oil",1978,306.948469413976
1,"fish_oil",1978,38.4772308608923
4,"fish_oil",1978,329.292118079222
8,"fish_oil",1978,447.457438748845
5,"fish_oil",1978,578.696302002514
7,"fish_oil",1978,98.7617220999609
10,"fish_oil",1978,171.721510241698
3,"fish_oil",1978,124.07160636527
2,"fish_oil",1979,485.293386651963
9,"fish_oil",1979,89.2519403592633
6,"fish_oil",1979,278.021830067243
1,"fish_oil",1979,34.8511597412056
4,"fish_oil",1979,298.259826706063
8,"fish_oil",1979,405.289318548043
5,"fish_oil",1979,524.16031017537
7,"fish_oil",1979,89.4544767440803
10,"fish_oil",1979,155.538578284677
3,"fish_oil",1979,112.379172722092
2,"fish_oil",1980,589.516152400069
9,"fish_oil",1980,108.419900048149
6,"fish_oil",1980,337.730461721724
1,"fish_oil",1980,42.3358779707629
4,"fish_oil",1980,362.314818811592
8,"fish_oil",1980,492.330219720545
5,"fish_oil",1980,636.73022916551
7,"fish_oil",1980,108.665933630271
10,"fish_oil",1980,188.94241451083
3,"fish_oil",1980,136.513992020547
2,"fish_oil",1981,450.650602933431
9,"fish_oil",1981,82.880669389229
6,"fish_oil",1981,258.175175666083
1,"fish_oil",1981,32.3633014219649
4,"fish_oil",1981,276.968478106015
8,"fish_oil",1981,376.357644241176
5,"fish_oil",1981,486.743001885804
7,"fish_oil",1981,83.0687476660904
10,"fish_oil",1981,144.43541991572
3,"fish_oil",1981,104.356958774488
2,"fish_oil",1982,382.984315755164
9,"fish_oil",1982,70.4359347324621
6,"fish_oil",1982,219.40954334427
1,"fish_oil",1982,27.5038727785753
4,"fish_oil",1982,235.380985585523
8,"fish_oil",1982,319.846626012889
5,"fish_oil",1982,413.657352974597
7,"fish_oil",1982,70.5957725973253
10,"fish_oil",1982,122.748089333863
3,"fish_oil",1982,88.6875068853312
2,"fish_oil",1983,690.009666643064
9,"fish_oil",1983,126.902000539126
6,"fish_oil",1983,395.302626330189
1,"fish_oil",1983,49.5527814237446
4,"fish_oil",1983,424.077824382271
8,"fish_oil",1983,576.25666303565
5,"fish_oil",1983,745.272222617397
7,"fish_oil",1983,127.189974921664
10,"fish_oil",1983,221.151009892733
3,"fish_oil",1983,159.785230214161
2,"fish_oil",1984,613.609079887037
9,"fish_oil",1984,112.850911445155
6,"fish_oil",1984,351.533163295336
1,"fish_oil",1984,44.0661023825861
4,"fish_oil",1984,377.122258135422
8,"fish_oil",1984,512.451256667672
5,"fish_oil",1984,662.752748103438
7,"fish_oil",1984,113.107000170346
10,"fish_oil",1984,196.664299438816
3,"fish_oil",1984,142.093180474192
2,"fish_oil",1985,700.706730170883
9,"fish_oil",1985,128.869333501545
6,"fish_oil",1985,401.430913383238
1,"fish_oil",1985,50.3209869670795
4,"fish_oil",1985,430.652206811181
8,"fish_oil",1985,585.19023952134
5,"fish_oil",1985,756.826009029756
7,"fish_oil",1985,129.161772285689
10,"fish_oil",1985,224.579463893346
3,"fish_oil",1985,162.262344435942
2,"fish_oil",1986,724.259897571585
9,"fish_oil",1986,133.201075804118
6,"fish_oil",1986,414.924389463347
1,"fish_oil",1986,52.0124487138721
4,"fish_oil",1986,445.127911241809
8,"fish_oil",1986,604.860499673318
5,"fish_oil",1986,782.265538745042
7,"fish_oil",1986,133.503344463359
10,"fish_oil",1986,232.128353435979
3,"fish_oil",1986,167.716540887571
2,"fish_oil",1987,524.990287541896
9,"fish_oil",1987,96.5527310317248
6,"fish_oil",1987,300.763959543926
1,"fish_oil",1987,37.701977560279
4,"fish_oil",1987,322.657420215184
8,"fish_oil",1987,438.441902845856
5,"fish_oil",1987,567.036517549675
7,"fish_oil",1987,96.771834851862
10,"fish_oil",1987,168.261602534657
3,"fish_oil",1987,121.57176632494
2,"fish_oil",1988,742.121049517117
9,"fish_oil",1988,136.485980383569
6,"fish_oil",1988,425.15694215743
1,"fish_oil",1988,53.2951405385232
4,"fish_oil",1988,456.105320435035
8,"fish_oil",1988,619.777113621901
5,"fish_oil",1988,801.557182112467
7,"fish_oil",1988,136.795703364759
10,"fish_oil",1988,237.85292800581
3,"fish_oil",1988,171.852639863389
2,"fish_oil",1989,805.322048709001
9,"fish_oil",1989,148.109488895473
6,"fish_oil",1989,461.364436305722
1,"fish_oil",1989,57.83389622575
4,"fish_oil",1989,494.94846065722
8,"fish_oil",1989,672.558978363041
5,"fish_oil",1989,869.819920181817
7,"fish_oil",1989,148.445588708175
10,"fish_oil",1989,258.109114945209
3,"fish_oil",1989,186.488067008591
2,"fish_oil",1990,979.173865585432
9,"fish_oil",1990,180.08316176634
6,"fish_oil",1990,560.963156622025
1,"fish_oil",1990,70.3189982442628
4,"fish_oil",1990,601.797253985793
8,"fish_oil",1990,817.750086109828
5,"fish_oil",1990,1057.59544889277
7,"fish_oil",1990,180.491818344603
10,"fish_oil",1990,313.829355881773
3,"fish_oil",1990,226.746854567173
2,"fish_oil",1991,1113.47598886818
9,"fish_oil",1991,204.783117354136
6,"fish_oil",1991,637.904081687146
1,"fish_oil",1991,79.9638540796197
4,"fish_oil",1991,684.338926957936
8,"fish_oil",1991,929.911548684751
5,"fish_oil",1991,1202.65376729014
7,"fish_oil",1991,205.24782469936
10,"fish_oil",1991,356.873753127997
3,"fish_oil",1991,257.847137250728
2,"fish_oil",1992,1024.26836733803
9,"fish_oil",1992,188.376643383141
6,"fish_oil",1992,586.797541033733
1,"fish_oil",1992,73.5574427136427
4,"fish_oil",1992,629.512196426933
8,"fish_oil",1992,855.410438359135
5,"fish_oil",1992,1106.3015484935
7,"fish_oil",1992,188.804120076434
10,"fish_oil",1992,328.282333985273
3,"fish_oil",1992,237.189368190186
2,"fish_oil",1993,1025.44602570806
9,"fish_oil",1993,188.593230498269
6,"fish_oil",1993,587.472214837739
1,"fish_oil",1993,73.6420158009824
4,"fish_oil",1993,630.235981648464
8,"fish_oil",1993,856.393951366734
5,"fish_oil",1993,1107.57352497926
7,"fish_oil",1993,189.021198685318
10,"fish_oil",1993,328.659778462405
3,"fish_oil",1993,237.462078012768
2,"fish_oil",1994,1084.57428970357
9,"fish_oil",1994,199.467708570354
6,"fish_oil",1994,621.346462080512
1,"fish_oil",1994,77.8882895611596
4,"fish_oil",1994,666.576031312853
8,"fish_oil",1994,905.774500289928
5,"fish_oil",1994,1171.43734436868
7,"fish_oil",1994,199.920353839677
10,"fish_oil",1994,347.610636585057
3,"fish_oil",1994,251.154383688209
2,"fish_oil",1995,1028.04668794189
9,"fish_oil",1995,189.071527044179
6,"fish_oil",1995,588.962119488251
1,"fish_oil",1995,73.8287813688574
4,"fish_oil",1995,631.834340679346
8,"fish_oil",1995,858.565875925182
5,"fish_oil",1995,1110.38247305199
7,"fish_oil",1995,189.500580613269
10,"fish_oil",1995,329.493301682737
3,"fish_oil",1995,238.064312204302
2,"fish_oil",1996,955.424421789725
9,"fish_oil",1996,175.715321611245
6,"fish_oil",1996,547.357234907915
1,"fish_oil",1996,68.6134409829136
4,"fish_oil",1996,587.20091868491
8,"fish_oil",1996,797.91590712325
5,"fish_oil",1996,1031.94392309652
7,"fish_oil",1996,176.114066398785
10,"fish_oil",1996,306.217558926284
3,"fish_oil",1996,221.247206478448
2,"fish_oil",1997,1134.87011592382
9,"fish_oil",1997,208.717783278973
6,"fish_oil",1997,650.160655793245
1,"fish_oil",1997,81.5002651662896
4,"fish_oil",1997,697.487691815756
8,"fish_oil",1997,947.778701656131
5,"fish_oil",1997,1225.76134011486
7,"fish_oil",1997,209.19141942741
10,"fish_oil",1997,363.730661129223
3,"fish_oil",1997,262.801365694291
2,"fish_oil",1998,994.139940704628
9,"fish_oil",1998,182.8356230211
6,"fish_oil",1998,569.537136214594
1,"fish_oil",1998,71.3937812292039
4,"fish_oil",1998,610.995357842754
8,"fish_oil",1998,830.248897248064
5,"fish_oil",1998,1073.76015006603
7,"fish_oil",1998,183.250525665831
10,"fish_oil",1998,318.626046111988
3,"fish_oil",1998,230.212541895812
2,"fish_oil",1999,1001.50030551735
9,"fish_oil",1999,184.189292490654
6,"fish_oil",1999,573.753847489628
1,"fish_oil",1999,71.9223630250766
4,"fish_oil",1999,615.519015477326
8,"fish_oil",1999,836.395853545557
5,"fish_oil",1999,1081.71000310205
7,"fish_oil",1999,184.607266971353
10,"fish_oil",1999,320.985074094061
3,"fish_oil",1999,231.916978286945
2,"fish_oil",2000,1132.90735197376
9,"fish_oil",2000,208.356804753758
6,"fish_oil",2000,649.036199453236
1,"fish_oil",2000,81.3593100207236
4,"fish_oil",2000,696.281383113204
8,"fish_oil",2000,946.139513310133
5,"fish_oil",2000,1223.64137930525
7,"fish_oil",2000,208.829621745938
10,"fish_oil",2000,363.10158700067
3,"fish_oil",2000,262.346849323322
2,"fish_oil",2001,999.046850579775
9,"fish_oil",2001,183.738069334136
6,"fish_oil",2001,572.348277064617
1,"fish_oil",2001,71.746169093119
4,"fish_oil",2001,614.011129599135
8,"fish_oil",2001,834.346868113059
5,"fish_oil",2001,1079.06005209004
7,"fish_oil",2001,184.155019869512
10,"fish_oil",2001,320.19873143337
3,"fish_oil",2001,231.348832823234
2,"fish_oil",2002,1002.38354929487
9,"fish_oil",2002,184.351732827
6,"fish_oil",2002,574.259852842632
1,"fish_oil",2002,71.9857928405813
4,"fish_oil",2002,616.061854393474
8,"fish_oil",2002,837.133488301256
5,"fish_oil",2002,1082.66398546638
7,"fish_oil",2002,184.770075928015
10,"fish_oil",2002,321.268157451909
3,"fish_oil",2002,232.121510653882
2,"fish_oil",2003,923.578576700025
9,"fish_oil",2003,169.858445039641
6,"fish_oil",2003,529.112930791268
1,"fish_oil",2003,66.3264437461044
4,"fish_oil",2003,567.628559985998
8,"fish_oil",2003,771.32007620943
5,"fish_oil",2003,997.547558960649
7,"fish_oil",2003,170.243899016894
10,"fish_oil",2003,296.010831190515
3,"fish_oil",2003,213.872678359475
2,"fish_oil",2004,889.033931178996
9,"fish_oil",2004,163.505222995868
6,"fish_oil",2004,509.322499207108
1,"fish_oil",2004,63.845633184142
4,"fish_oil",2004,546.397526821077
8,"fish_oil",2004,742.470361319863
5,"fish_oil",2004,960.236248711563
7,"fish_oil",2004,163.876259822977
10,"fish_oil",2004,284.939126527986
3,"fish_oil",2004,205.87319023042
2,"fish_oil",2005,866.756560345832
9,"fish_oil",2005,159.408116734684
6,"fish_oil",2005,496.559919748006
1,"fish_oil",2005,62.2457922819673
4,"fish_oil",2005,532.705923047108
8,"fish_oil",2005,723.865573592784
5,"fish_oil",2005,936.174693522521
7,"fish_oil",2005,159.769856138264
10,"fish_oil",2005,277.799135168912
3,"fish_oil",2005,200.714429419922
2,"fish_oil",2006,887.365581821446
9,"fish_oil",2006,163.198391249436
6,"fish_oil",2006,508.366711318101
1,"fish_oil",2006,63.7258213104108
4,"fish_oil",2006,545.372164423908
8,"fish_oil",2006,741.077051225764
5,"fish_oil",2006,958.434282023397
7,"fish_oil",2006,163.568731793726
10,"fish_oil",2006,284.404413518716
3,"fish_oil",2006,205.486851315097
2,"fish_oil",2007,823.379477049539
9,"fish_oil",2007,151.430491327446
6,"fish_oil",2007,471.709434633805
1,"fish_oil",2007,59.1306835649576
4,"fish_oil",2007,506.046500720702
8,"fish_oil",2007,687.639511146224
5,"fish_oil",2007,889.323559630203
7,"fish_oil",2007,151.774127377722
10,"fish_oil",2007,263.896596927895
3,"fish_oil",2007,190.669617621506
2,"fish_oil",2008,712.139830179974
9,"fish_oil",2008,130.972033410919
6,"fish_oil",2008,407.980871563791
1,"fish_oil",2008,51.1420506900018
4,"fish_oil",2008,437.678955003549
8,"fish_oil",2008,594.738511636779
5,"fish_oil",2008,769.174780745717
7,"fish_oil",2008,131.269243780267
10,"fish_oil",2008,228.243820692166
3,"fish_oil",2008,164.909902296837
2,"fish_oil",2009,753.652287723711
9,"fish_oil",2009,138.606729219204
6,"fish_oil",2009,431.763123154983
1,"fish_oil",2009,54.1232520187237
4,"fish_oil",2009,463.19238406253
8,"fish_oil",2009,629.40734515464
5,"fish_oil",2009,814.011951868909
7,"fish_oil",2009,138.92126474341
10,"fish_oil",2009,241.548738511057
3,"fish_oil",2009,174.522923542832
2,"fish_oil",2010,700.24875191587
9,"fish_oil",2010,128.785105178995
6,"fish_oil",2010,401.168540237236
1,"fish_oil",2010,50.2880974331142
4,"fish_oil",2010,430.370734780586
8,"fish_oil",2010,584.807762240608
5,"fish_oil",2010,756.331351507515
7,"fish_oil",2010,129.077352826679
10,"fish_oil",2010,224.432679930017
3,"fish_oil",2010,162.15629061605
2,"fish_oil",2011,787.559034960972
9,"fish_oil",2011,144.842633242283
6,"fish_oil",2011,451.18810642864
1,"fish_oil",2011,56.5582521583772
4,"fish_oil",2011,484.031366899122
8,"fish_oil",2011,657.724323831758
5,"fish_oil",2011,850.634274854873
7,"fish_oil",2011,145.171319690848
10,"fish_oil",2011,252.415994081807
3,"fish_oil",2011,182.374693851322
2,"ornamentals",1977,1.9627639500585
9,"ornamentals",1977,0.360978525214412
6,"ornamentals",1977,1.12445634000907
1,"ornamentals",1977,0.140955145566049
4,"ornamentals",1977,1.20630870255233
8,"ornamentals",1977,1.63918834599815
5,"ornamentals",1977,2.11996080960716
7,"ornamentals",1977,0.361797681472519
10,"ornamentals",1977,0.629074128552789
3,"ornamentals",1977,0.454516370969026
2,"ornamentals",1978,1.47207296254387
9,"ornamentals",1978,0.270733893910809
6,"ornamentals",1978,0.843342255006803
1,"ornamentals",1978,0.105716359174537
4,"ornamentals",1978,0.904731526914247
8,"ornamentals",1978,1.22939125949861
5,"ornamentals",1978,1.58997060720537
7,"ornamentals",1978,0.271348261104389
10,"ornamentals",1978,0.471805596414592
3,"ornamentals",1978,0.340887278226769
2,"ornamentals",1979,0
9,"ornamentals",1979,0
6,"ornamentals",1979,0
1,"ornamentals",1979,0
4,"ornamentals",1979,0
8,"ornamentals",1979,0
5,"ornamentals",1979,0
7,"ornamentals",1979,0
10,"ornamentals",1979,0
3,"ornamentals",1979,0
2,"ornamentals",1980,0
9,"ornamentals",1980,0
6,"ornamentals",1980,0
1,"ornamentals",1980,0
4,"ornamentals",1980,0
8,"ornamentals",1980,0
5,"ornamentals",1980,0
7,"ornamentals",1980,0
10,"ornamentals",1980,0
3,"ornamentals",1980,0
2,"ornamentals",1981,0
9,"ornamentals",1981,0
6,"ornamentals",1981,0
1,"ornamentals",1981,0
4,"ornamentals",1981,0
8,"ornamentals",1981,0
5,"ornamentals",1981,0
7,"ornamentals",1981,0
10,"ornamentals",1981,0
3,"ornamentals",1981,0
2,"ornamentals",1982,0
9,"ornamentals",1982,0
6,"ornamentals",1982,0
1,"ornamentals",1982,0
4,"ornamentals",1982,0
8,"ornamentals",1982,0
5,"ornamentals",1982,0
7,"ornamentals",1982,0
10,"ornamentals",1982,0
3,"ornamentals",1982,0
2,"ornamentals",1983,0
9,"ornamentals",1983,0
6,"ornamentals",1983,0
1,"ornamentals",1983,0
4,"ornamentals",1983,0
8,"ornamentals",1983,0
5,"ornamentals",1983,0
7,"ornamentals",1983,0
10,"ornamentals",1983,0
3,"ornamentals",1983,0
2,"ornamentals",1984,0
9,"ornamentals",1984,0
6,"ornamentals",1984,0
1,"ornamentals",1984,0
4,"ornamentals",1984,0
8,"ornamentals",1984,0
5,"ornamentals",1984,0
7,"ornamentals",1984,0
10,"ornamentals",1984,0
3,"ornamentals",1984,0
2,"ornamentals",1985,0
9,"ornamentals",1985,0
6,"ornamentals",1985,0
1,"ornamentals",1985,0
4,"ornamentals",1985,0
8,"ornamentals",1985,0
5,"ornamentals",1985,0
7,"ornamentals",1985,0
10,"ornamentals",1985,0
3,"ornamentals",1985,0
2,"ornamentals",1986,0
9,"ornamentals",1986,0
6,"ornamentals",1986,0
1,"ornamentals",1986,0
4,"ornamentals",1986,0
8,"ornamentals",1986,0
5,"ornamentals",1986,0
7,"ornamentals",1986,0
10,"ornamentals",1986,0
3,"ornamentals",1986,0
2,"ornamentals",1987,0
9,"ornamentals",1987,0
6,"ornamentals",1987,0
1,"ornamentals",1987,0
4,"ornamentals",1987,0
8,"ornamentals",1987,0
5,"ornamentals",1987,0
7,"ornamentals",1987,0
10,"ornamentals",1987,0
3,"ornamentals",1987,0
2,"ornamentals",1988,0
9,"ornamentals",1988,0
6,"ornamentals",1988,0
1,"ornamentals",1988,0
4,"ornamentals",1988,0
8,"ornamentals",1988,0
5,"ornamentals",1988,0
7,"ornamentals",1988,0
10,"ornamentals",1988,0
3,"ornamentals",1988,0
2,"ornamentals",1989,0
9,"ornamentals",1989,0
6,"ornamentals",1989,0
1,"ornamentals",1989,0
4,"ornamentals",1989,0
8,"ornamentals",1989,0
5,"ornamentals",1989,0
7,"ornamentals",1989,0
10,"ornamentals",1989,0
3,"ornamentals",1989,0
2,"ornamentals",1990,0.0981381975029248
9,"ornamentals",1990,0.0180489262607206
6,"ornamentals",1990,0.0562228170004535
1,"ornamentals",1990,0.00704775727830246
4,"ornamentals",1990,0.0603154351276164
8,"ornamentals",1990,0.0819594172999076
5,"ornamentals",1990,0.105998040480358
7,"ornamentals",1990,0.0180898840736259
10,"ornamentals",1990,0.0314537064276395
3,"ornamentals",1990,0.0227258185484513
2,"ornamentals",1991,9.96102704654687
9,"ornamentals",1991,1.83196601546314
6,"ornamentals",1991,5.70661592554603
1,"ornamentals",1991,0.715347363747699
4,"ornamentals",1991,6.12201666545307
8,"ornamentals",1991,8.31888085594062
5,"ornamentals",1991,10.7588011087563
7,"ornamentals",1991,1.83612323347303
10,"ornamentals",1991,3.1925512024054
3,"ornamentals",1991,2.30667058266781
2,"ornamentals",1992,13.4449330579007
9,"ornamentals",1992,2.47270289771872
6,"ornamentals",1992,7.70252592906213
1,"ornamentals",1992,0.965542747127437
4,"ornamentals",1992,8.26321461248345
8,"ornamentals",1992,11.2284401700873
5,"ornamentals",1992,14.521731545809
7,"ornamentals",1992,2.47831411808676
10,"ornamentals",1992,4.30915778058661
3,"ornamentals",1992,3.11343714113783
2,"ornamentals",1993,23.0134073144359
9,"ornamentals",1993,4.23247320813898
6,"ornamentals",1993,13.1842505866064
1,"ornamentals",1993,1.65269908176193
4,"ornamentals",1993,14.1439695374261
8,"ornamentals",1993,19.2194833568283
5,"ornamentals",1993,24.8565404926439
7,"ornamentals",1993,4.24207781526529
10,"ornamentals",1993,7.37589415728145
3,"ornamentals",1993,5.32920444961183
2,"ornamentals",1994,137.491614701598
9,"ornamentals",1994,25.2865456912695
6,"ornamentals",1994,78.7681666176354
1,"ornamentals",1994,9.87390794690174
4,"ornamentals",1994,84.5019246137906
8,"ornamentals",1994,114.82514363717
5,"ornamentals",1994,148.503254712981
7,"ornamentals",1994,25.34392758715
10,"ornamentals",1994,44.0666427051229
3,"ornamentals",1994,31.8388717863803
2,"ornamentals",1995,161.0447821023
9,"ornamentals",1995,29.6182879938425
6,"ornamentals",1995,92.2616426977442
1,"ornamentals",1995,11.5653696936943
4,"ornamentals",1995,98.9776290444186
8,"ornamentals",1995,134.495403789148
5,"ornamentals",1995,173.942784428267
7,"ornamentals",1995,29.6854997648202
10,"ornamentals",1995,51.6155322477563
3,"ornamentals",1995,37.2930682380086
2,"ornamentals",1996,198.484504449665
9,"ornamentals",1996,36.5039533623074
6,"ornamentals",1996,113.710647383417
1,"ornamentals",1996,14.2540890953667
4,"ornamentals",1996,121.987967545604
8,"ornamentals",1996,165.762921489063
5,"ornamentals",1996,214.381036871524
7,"ornamentals",1996,36.5867905389085
10,"ornamentals",1996,63.6151212499008
3,"ornamentals",1996,45.9629680142427
2,"ornamentals",1997,238.966510919622
9,"ornamentals",1997,43.9491354448546
6,"ornamentals",1997,136.902559396104
1,"ornamentals",1997,17.1612889726665
4,"ornamentals",1997,146.868084535746
8,"ornamentals",1997,199.571181125275
5,"ornamentals",1997,258.105228569672
7,"ornamentals",1997,44.0488677192792
10,"ornamentals",1997,76.5897751513021
3,"ornamentals",1997,55.3373681654789
2,"ornamentals",1998,180.230799714121
9,"ornamentals",1998,33.1468530778134
6,"ornamentals",1998,103.253203421333
1,"ornamentals",1998,12.9432062416025
4,"ornamentals",1998,110.769296611868
8,"ornamentals",1998,150.51846987128
5,"ornamentals",1998,194.665401342177
7,"ornamentals",1998,33.2220721012141
10,"ornamentals",1998,57.7647318543599
3,"ornamentals",1998,41.7359657642308
2,"ornamentals",1999,221.841395455362
9,"ornamentals",1999,40.7995978123589
6,"ornamentals",1999,127.091677829525
1,"ornamentals",1999,15.9314553276027
4,"ornamentals",1999,136.343041105977
8,"ornamentals",1999,185.269262806441
5,"ornamentals",1999,239.608570505849
7,"ornamentals",1999,40.8921829484315
10,"ornamentals",1999,71.101103379679
3,"ornamentals",1999,51.3717128287742
2,"ornamentals",2000,208.789015187473
9,"ornamentals",2000,38.3990906196831
6,"ornamentals",2000,119.614043168465
1,"ornamentals",2000,14.9941036095885
4,"ornamentals",2000,128.321088234004
8,"ornamentals",2000,174.368660305553
5,"ornamentals",2000,225.510831121962
7,"ornamentals",2000,38.4862283666392
10,"ornamentals",2000,66.9177604248029
3,"ornamentals",2000,48.3491789618301
2,"ornamentals",2001,276.111818674479
9,"ornamentals",2001,50.7806540345374
6,"ornamentals",2001,158.182895630776
1,"ornamentals",2001,19.828865102504
4,"ornamentals",2001,169.697476731549
8,"ornamentals",2001,230.59282057329
5,"ornamentals",2001,298.225486891487
7,"ornamentals",2001,50.8958888411466
10,"ornamentals",2001,88.4950030341636
3,"ornamentals",2001,63.9390904860677
2,"ornamentals",2002,366.153614883412
9,"ornamentals",2002,67.3405438787485
6,"ornamentals",2002,209.767330228692
1,"ornamentals",2002,26.2951824053465
4,"ornamentals",2002,225.036888461137
8,"ornamentals",2002,305.790585945955
5,"ornamentals",2002,395.478689032216
7,"ornamentals",2002,67.4933574786984
10,"ornamentals",2002,117.353778681523
3,"ornamentals",2002,84.7900290042718
2,"ornamentals",2003,479.846716690551
9,"ornamentals",2003,88.2502249517933
6,"ornamentals",2003,274.901463723718
1,"ornamentals",2003,34.4600092122599
4,"ornamentals",2003,294.912320056481
8,"ornamentals",2003,400.740570887898
5,"ornamentals",2003,518.27741892871
7,"ornamentals",2003,88.4504881779941
10,"ornamentals",2003,153.792897577943
3,"ornamentals",2003,111.117889792653
2,"ornamentals",2004,662.776316836003
9,"ornamentals",2004,121.893423501777
6,"ornamentals",2004,379.700794612563
1,"ornamentals",2004,47.5970287790156
4,"ornamentals",2004,407.340291134358
8,"ornamentals",2004,553.512924734926
5,"ornamentals",2004,715.857766384097
7,"ornamentals",2004,122.170032091233
10,"ornamentals",2004,212.422606359063
3,"ornamentals",2004,153.478815566966
2,"ornamentals",2005,760.276616055158
9,"ornamentals",2005,139.825031741802
6,"ornamentals",2005,435.558163302513
1,"ornamentals",2005,54.5989756350091
4,"ornamentals",2005,467.263675933644
8,"ornamentals",2005,634.939605822384
5,"ornamentals",2005,821.166819601333
7,"ornamentals",2005,140.14233191838
10,"ornamentals",2005,243.671863694923
3,"ornamentals",2005,176.056916294852
2,"ornamentals",2006,800.022586043843
9,"ornamentals",2006,147.134846877394
6,"ornamentals",2006,458.328404187697
1,"ornamentals",2006,57.4533173327216
4,"ornamentals",2006,491.691427160329
8,"ornamentals",2006,668.133169828846
5,"ornamentals",2006,864.096025995878
7,"ornamentals",2006,147.468734968199
10,"ornamentals",2006,256.410614798117
3,"ornamentals",2006,185.260872806975
2,"ornamentals",2007,927.896657390154
9,"ornamentals",2007,170.652597795113
6,"ornamentals",2007,531.586734739288
1,"ornamentals",2007,66.6365450663497
4,"ornamentals",2007,570.282439131613
8,"ornamentals",2007,774.926290570626
5,"ornamentals",2007,1002.21147274178
7,"ornamentals",2007,171.039853916133
10,"ornamentals",2007,297.394794273331
3,"ornamentals",2007,214.872614375607
2,"ornamentals",2008,1114.01574895445
9,"ornamentals",2008,204.88238644857
6,"ornamentals",2008,638.213307180648
1,"ornamentals",2008,80.0026167446503
4,"ornamentals",2008,684.670661851138
8,"ornamentals",2008,930.362325479901
5,"ornamentals",2008,1203.23675651278
7,"ornamentals",2008,205.347319061765
10,"ornamentals",2008,357.046748513349
3,"ornamentals",2008,257.972129252745
2,"ornamentals",2009,1351.70646330653
9,"ornamentals",2009,248.596885852035
6,"ornamentals",2009,774.384969955747
1,"ornamentals",2009,97.0722848726989
4,"ornamentals",2009,830.754645730225
8,"ornamentals",2009,1128.86803418028
5,"ornamentals",2009,1459.96401055621
7,"ornamentals",2009,249.161018288087
10,"ornamentals",2009,433.227625481092
3,"ornamentals",2009,313.014061777094
2,"ornamentals",2010,1554.77075030634
9,"ornamentals",2010,285.943122439843
6,"ornamentals",2010,890.719348799185
1,"ornamentals",2010,111.65526930772
4,"ornamentals",2010,955.557333581784
8,"ornamentals",2010,1298.45572847667
5,"ornamentals",2010,1679.29162265015
7,"ornamentals",2010,286.592003417098
10,"ornamentals",2010,498.310586364283
3,"ornamentals",2010,360.037567990264
2,"ornamentals",2011,1698.96847517063
9,"ornamentals",2011,312.463011425595
6,"ornamentals",2011,973.329407911851
1,"ornamentals",2011,122.010774001972
4,"ornamentals",2011,1044.1808129293
8,"ornamentals",2011,1418.881432296
5,"ornamentals",2011,1835.03807679596
7,"ornamentals",2011,313.172073082612
10,"ornamentals",2011,544.526565675294
3,"ornamentals",2011,393.429370710789
2,"seaweeds",1981,115.017967473428
9,"seaweeds",1981,21.1533415775645
6,"seaweeds",1981,65.8931415245315
1,"seaweeds",1981,8.25997153017048
4,"seaweeds",1981,70.6896899695665
8,"seaweeds",1981,96.0564370754917
5,"seaweeds",1981,124.22970344298
7,"seaweeds",1981,21.2013441342896
10,"seaweeds",1981,36.8637439331934
3,"seaweeds",1981,26.6346593387849
2,"seaweeds",1982,86.2634756050709
9,"seaweeds",1982,15.8650061831734
6,"seaweeds",1982,49.4198561433987
1,"seaweeds",1982,6.19497864762786
4,"seaweeds",1982,53.0172674771748
8,"seaweeds",1982,72.0423278066187
5,"seaweeds",1982,93.1722775822346
7,"seaweeds",1982,15.9010081007172
10,"seaweeds",1982,27.6478079498951
3,"seaweeds",1982,19.9759945040887
2,"seaweeds",1983,46.4193674188834
9,"seaweeds",1983,8.53714212132084
6,"seaweeds",1983,26.5933924412145
1,"seaweeds",1983,3.33358919263706
4,"seaweeds",1983,28.5292008153626
8,"seaweeds",1983,38.7668043828563
5,"seaweeds",1983,50.1370731472093
7,"seaweeds",1983,8.55651516682507
10,"seaweeds",1983,14.8776031402735
3,"seaweeds",1983,10.7493121734175
2,"seaweeds",1984,73.750855423448
9,"seaweeds",1984,13.5637680849315
6,"seaweeds",1984,42.2514469758408
1,"seaweeds",1984,5.2963895946443
4,"seaweeds",1984,45.3270494984037
8,"seaweeds",1984,61.5925021008805
5,"seaweeds",1984,79.657527420989
7,"seaweeds",1984,13.5945478813299
10,"seaweeds",1984,23.6374603803711
3,"seaweeds",1984,17.0784526391611
2,"seaweeds",1985,62.4649627106116
9,"seaweeds",1985,11.4881415649487
6,"seaweeds",1985,35.7858230207887
1,"seaweeds",1985,4.48589750763951
4,"seaweeds",1985,38.3907744587279
8,"seaweeds",1985,52.1671691113912
5,"seaweeds",1985,67.4677527657478
7,"seaweeds",1985,11.5142112128629
10,"seaweeds",1985,20.0202841411925
3,"seaweeds",1985,14.4649835060893
2,"seaweeds",1986,111.73033785708
9,"seaweeds",1986,20.5487025478304
6,"seaweeds",1986,64.0096771550163
1,"seaweeds",1986,8.02387166134735
4,"seaweeds",1986,68.6691228927913
8,"seaweeds",1986,93.3107965959448
5,"seaweeds",1986,120.678769086888
7,"seaweeds",1986,20.5953330178231
10,"seaweeds",1986,35.8100447678675
3,"seaweeds",1986,25.8733444174118
2,"seaweeds",1987,145.440808699335
9,"seaweeds",1987,26.7485087183879
6,"seaweeds",1987,83.3222147946721
1,"seaweeds",1987,10.4447762864442
4,"seaweeds",1987,89.3874748591276
8,"seaweeds",1987,121.463856438463
5,"seaweeds",1987,157.08909599189
7,"seaweeds",1987,26.8092081971137
10,"seaweeds",1987,46.6143929257617
3,"seaweeds",1987,33.6796630888048
2,"seaweeds",1988,133.075395813966
9,"seaweeds",1988,24.4743440095371
6,"seaweeds",1988,76.238139852615
1,"seaweeds",1988,9.55675886937813
4,"seaweeds",1988,81.7877300330479
8,"seaweeds",1988,111.136969858675
5,"seaweeds",1988,143.733342891365
7,"seaweeds",1988,24.5298828038368
10,"seaweeds",1988,42.6512259158791
3,"seaweeds",1988,30.8162099517
2,"seaweeds",1989,122.770885076159
9,"seaweeds",1989,22.5792067521615
6,"seaweeds",1989,70.3347440675674
1,"seaweeds",1989,8.81674435515637
4,"seaweeds",1989,75.4546093446482
8,"seaweeds",1989,102.531231042184
5,"seaweeds",1989,132.603548640928
7,"seaweeds",1989,22.6304449761061
10,"seaweeds",1989,39.348586740977
3,"seaweeds",1989,28.4299990041126
2,"seaweeds",1990,93.918255010299
9,"seaweeds",1990,17.2728224315096
6,"seaweeds",1990,53.805235869434
1,"seaweeds",1990,6.74470371533545
4,"seaweeds",1990,57.7218714171289
8,"seaweeds",1990,78.4351623560115
5,"seaweeds",1990,101.440124739703
7,"seaweeds",1990,17.31201905846
10,"seaweeds",1990,30.101197051251
3,"seaweeds",1990,21.7486083508679
2,"seaweeds",1991,78.9031107923515
9,"seaweeds",1991,14.5113367136194
6,"seaweeds",1991,45.2031448683646
1,"seaweeds",1991,5.66639685175518
4,"seaweeds",1991,48.4936098426036
8,"seaweeds",1991,65.8953715091257
5,"seaweeds",1991,85.2224245462078
7,"seaweeds",1991,14.5442667951953
10,"seaweeds",1991,25.2887799678221
3,"seaweeds",1991,18.2715581129548
2,"seaweeds",1992,101.867449008036
9,"seaweeds",1992,18.734785458628
6,"seaweeds",1992,58.3592840464708
1,"seaweeds",1992,7.31557205487795
4,"seaweeds",1992,62.6074216624659
8,"seaweeds",1992,85.073875157304
5,"seaweeds",1992,110.025966018612
7,"seaweeds",1992,18.7772996684237
10,"seaweeds",1992,32.6489472718898
3,"seaweeds",1992,23.5893996532924
2,"seaweeds",1993,117.275146015995
9,"seaweeds",1993,21.5684668815611
6,"seaweeds",1993,67.186266315542
1,"seaweeds",1993,8.42206994757144
4,"seaweeds",1993,72.0769449775016
8,"seaweeds",1993,97.9415036733895
5,"seaweeds",1993,126.667658374028
7,"seaweeds",1993,21.617411467983
10,"seaweeds",1993,37.5871791810291
3,"seaweeds",1993,27.1573531653993
2,"seaweeds",1994,155.401835745881
9,"seaweeds",1994,28.5804747338511
6,"seaweeds",1994,89.0288307202182
1,"seaweeds",1994,11.1601236501919
4,"seaweeds",1994,95.5094915245806
8,"seaweeds",1994,129.782737294404
5,"seaweeds",1994,167.847897100647
7,"seaweeds",1994,28.6453314305867
10,"seaweeds",1994,49.8069441281671
3,"seaweeds",1994,35.9863336714726
2,"seaweeds",1995,190.191826760668
9,"seaweeds",1995,34.9788190932765
6,"seaweeds",1995,108.959819346879
1,"seaweeds",1995,13.6585536053502
4,"seaweeds",1995,116.891313277321
8,"seaweeds",1995,158.837350727221
5,"seaweeds",1995,205.424202450934
7,"seaweeds",1995,35.0581953346871
10,"seaweeds",1995,60.9572830567653
3,"seaweeds",1995,44.0426363468986
2,"seaweeds",1996,207.954840508698
9,"seaweeds",1996,38.2456747464669
6,"seaweeds",1996,119.136149223961
1,"seaweeds",1996,14.9341976727229
4,"seaweeds",1996,127.808407035419
8,"seaweeds",1996,173.672005258504
5,"seaweeds",1996,224.609847777878
7,"seaweeds",1996,38.3324643520134
10,"seaweeds",1996,66.650403920168
3,"seaweeds",1996,48.1560095041683
2,"seaweeds",1997,205.648592867379
9,"seaweeds",1997,37.82152497934
6,"seaweeds",1997,117.81491302445
1,"seaweeds",1997,14.7685753766828
4,"seaweeds",1997,126.39099430992
8,"seaweeds",1997,171.745958951956
5,"seaweeds",1997,222.11889382659
7,"seaweeds",1997,37.9073520762832
10,"seaweeds",1997,65.9112418191185
3,"seaweeds",1997,47.6219527682797
2,"seaweeds",1998,193.675732772022
9,"seaweeds",1998,35.6195559755321
6,"seaweeds",1998,110.955729350395
1,"seaweeds",1998,13.9087489887299
4,"seaweeds",1998,119.032511224351
8,"seaweeds",1998,161.746910041368
5,"seaweeds",1998,209.187132887986
7,"seaweeds",1998,35.7003862193008
10,"seaweeds",1998,62.0738896349465
3,"seaweeds",1998,44.8494029053686
2,"seaweeds",1999,174.833198851461
9,"seaweeds",1999,32.1541621334737
6,"seaweeds",1999,100.160948486308
1,"seaweeds",1999,12.5555795912958
4,"seaweeds",1999,107.451947679849
8,"seaweeds",1999,146.010701919785
5,"seaweeds",1999,188.835509115758
7,"seaweeds",1999,32.2271284771646
10,"seaweeds",1999,56.0347780008397
3,"seaweeds",1999,40.486045744066
2,"seaweeds",2000,158.689465362229
9,"seaweeds",2000,29.1851137635852
6,"seaweeds",2000,90.9122950897333
1,"seaweeds",2000,11.3962235190151
4,"seaweeds",2000,97.5300586013558
8,"seaweeds",2000,132.528377773951
5,"seaweeds",2000,171.398831456739
7,"seaweeds",2000,29.2513425470532
10,"seaweeds",2000,50.860643293493
3,"seaweeds",2000,36.7476485928457
2,"seaweeds",2001,158.345981670969
9,"seaweeds",2001,29.1219425216727
6,"seaweeds",2001,90.7155152302318
1,"seaweeds",2001,11.371556368541
4,"seaweeds",2001,97.3189545784091
8,"seaweeds",2001,132.241519813401
5,"seaweeds",2001,171.027838315058
7,"seaweeds",2001,29.1880279527955
10,"seaweeds",2001,50.7505553209963
3,"seaweeds",2001,36.6681082279262
2,"seaweeds",2002,164.921240903665
9,"seaweeds",2002,30.331220581141
6,"seaweeds",2002,94.4824439692621
1,"seaweeds",2002,11.8437561061873
4,"seaweeds",2002,101.360088731959
8,"seaweeds",2002,137.732800772495
5,"seaweeds",2002,178.129707027242
7,"seaweeds",2002,30.4000501857284
10,"seaweeds",2002,52.8579536516481
3,"seaweeds",2002,38.1907380706724
2,"seaweeds",2003,186.658851650563
9,"seaweeds",2003,34.3290577478906
6,"seaweeds",2003,106.935797934863
1,"seaweeds",2003,13.4048343433313
4,"seaweeds",2003,114.719957612726
8,"seaweeds",2003,155.886811704424
5,"seaweeds",2003,201.608272993641
7,"seaweeds",2003,34.4069595080366
10,"seaweeds",2003,59.8249496253702
3,"seaweeds",2003,43.2245068791544
2,"seaweeds",2004,199.613093720949
9,"seaweeds",2004,36.7115160143057
6,"seaweeds",2004,114.357209778922
1,"seaweeds",2004,14.3351383040672
4,"seaweeds",2004,122.681595049572
8,"seaweeds",2004,166.705454788012
5,"seaweeds",2004,215.600014337048
7,"seaweeds",2004,36.7948242057552
10,"seaweeds",2004,63.9768388738187
3,"seaweeds",2004,46.2243149275499
2,"seaweeds",2005,222.822777430391
9,"seaweeds",2005,40.9800870749661
6,"seaweeds",2005,127.65390599953
1,"seaweeds",2005,16.0019329003857
4,"seaweeds",2005,136.946195457253
8,"seaweeds",2005,186.08885697944
5,"seaweeds",2005,240.668550910653
7,"seaweeds",2005,41.0730817891677
10,"seaweeds",2005,71.4156404439554
3,"seaweeds",2005,51.5989710142587
2,"seaweeds",2006,215.609619913926
9,"seaweeds",2006,39.6534909948031
6,"seaweeds",2006,123.521528949996
1,"seaweeds",2006,15.4839227404305
4,"seaweeds",2006,132.513010975373
8,"seaweeds",2006,180.064839807897
5,"seaweeds",2006,232.877694935346
7,"seaweeds",2006,39.7434753097562
10,"seaweeds",2006,69.1037930215239
3,"seaweeds",2006,49.9286233509475
2,"seaweeds",2007,210.948055532537
9,"seaweeds",2007,38.7961669974189
6,"seaweeds",2007,120.850945142475
1,"seaweeds",2007,15.1491542697111
4,"seaweeds",2007,129.648027806812
8,"seaweeds",2007,176.171767486151
5,"seaweeds",2007,227.842788012529
7,"seaweeds",2007,38.884205816259
10,"seaweeds",2007,67.609741966211
3,"seaweeds",2007,48.8491469698961
2,"seaweeds",2008,217.228900172724
9,"seaweeds",2008,39.951298278105
6,"seaweeds",2008,124.449205430504
1,"seaweeds",2008,15.6002107355225
4,"seaweeds",2008,133.508215654979
8,"seaweeds",2008,181.417170193345
5,"seaweeds",2008,234.626662603272
7,"seaweeds",2008,40.041958396971
10,"seaweeds",2008,69.6227791775799
3,"seaweeds",2008,50.3035993569969
2,"seaweeds",2009,224.14764309668
9,"seaweeds",2009,41.2237475794858
6,"seaweeds",2009,128.412914029036
1,"seaweeds",2009,16.0970776236428
4,"seaweeds",2009,137.760453831476
8,"seaweeds",2009,187.195309112989
5,"seaweeds",2009,242.099524457138
7,"seaweeds",2009,41.3172952241617
10,"seaweeds",2009,71.8402654807285
3,"seaweeds",2009,51.9057695646628
2,"seaweeds",2010,237.625288887083
9,"seaweeds",2010,43.7024667859582
6,"seaweeds",2010,136.134180897099
1,"seaweeds",2010,17.0649696231964
4,"seaweeds",2010,146.043773589002
8,"seaweeds",2010,198.451069088843
5,"seaweeds",2010,256.656588683107
7,"seaweeds",2010,43.8016393036064
10,"seaweeds",2010,76.1599078301245
3,"seaweeds",2010,55.0267819786502
2,"seaweeds",2011,253.00027316254
9,"seaweeds",2011,46.5301319001377
6,"seaweeds",2011,144.942422227169
1,"seaweeds",2011,18.1691182634637
4,"seaweeds",2011,155.493191758995
8,"seaweeds",2011,211.291377799162
5,"seaweeds",2011,273.262948358363
7,"seaweeds",2011,46.6357211418077
10,"seaweeds",2011,81.0876551704545
3,"seaweeds",2011,58.5871602179074
2,"shells",1981,30.8153940159184
9,"shells",1981,5.66736284586627
6,"shells",1981,17.6539645381424
1,"shells",1981,2.21299578538697
4,"shells",1981,18.9390466300716
8,"shells",1981,25.735257032171
5,"shells",1981,33.2833847108324
7,"shells",1981,5.68022359911855
10,"shells",1981,9.87646381827879
3,"shells",1981,7.13590702421371
2,"shells",1982,33.1216416572371
9,"shells",1982,6.0915126129932
6,"shells",1982,18.9752007376531
1,"shells",1982,2.37861808142708
4,"shells",1982,20.3564593555705
8,"shells",1982,27.6613033387188
5,"shells",1982,35.7743386621208
7,"shells",1982,6.10533587484876
10,"shells",1982,10.6156259193283
3,"shells",1982,7.66996376010231
2,"shells",1983,29.0979755596172
9,"shells",1983,5.35150663630365
6,"shells",1983,16.6700652406345
1,"shells",1983,2.08966003301668
4,"shells",1983,17.8835265153383
8,"shells",1983,24.3009672294226
5,"shells",1983,31.4284190024261
7,"shells",1983,5.36365062783009
10,"shells",1983,9.3260239557951
3,"shells",1983,6.73820519961581
2,"shells",1984,26.2519678320324
9,"shells",1984,4.82808777474276
6,"shells",1984,15.0396035476213
1,"shells",1984,1.88527507194591
4,"shells",1984,16.1343788966374
8,"shells",1984,21.9241441277253
5,"shells",1984,28.3544758284958
7,"shells",1984,4.83904398969494
10,"shells",1984,8.41386646939355
3,"shells",1984,6.07915646171072
2,"shells",1985,17.5176682542721
9,"shells",1985,3.22173333753863
6,"shells",1985,10.035772834581
1,"shells",1985,1.25802467417699
4,"shells",1985,10.7663051702795
8,"shells",1985,14.6297559880335
5,"shells",1985,18.9206502257439
7,"shells",1985,3.22904430714223
10,"shells",1985,5.61448659733364
3,"shells",1985,4.05655861089856
2,"shells",1986,9.81381975029248
9,"shells",1986,1.80489262607206
6,"shells",1986,5.62228170004535
1,"shells",1986,0.704775727830246
4,"shells",1986,6.03154351276164
8,"shells",1986,8.19594172999076
5,"shells",1986,10.5998040480358
7,"shells",1986,1.8089884073626
10,"shells",1986,3.14537064276395
3,"shells",1986,2.27258185484513
2,"shells",1987,27.0370734120558
9,"shells",1987,4.97247918482852
6,"shells",1987,15.4893860836249
1,"shells",1987,1.94165713017233
4,"shells",1987,16.6169023776583
8,"shells",1987,22.5798194661245
5,"shells",1987,29.2024601523386
7,"shells",1987,4.98376306228395
10,"shells",1987,8.66549612081467
3,"shells",1987,6.26096301009833
2,"shells",1988,37.24344595236
9,"shells",1988,6.84956751594346
6,"shells",1988,21.3365590516721
1,"shells",1988,2.67462388711578
4,"shells",1988,22.8897076309304
8,"shells",1988,31.1035988653149
5,"shells",1988,40.2262563622958
7,"shells",1988,6.86511100594105
10,"shells",1988,11.9366815892892
3,"shells",1988,8.62444813913727
2,"shells",1989,35.23161290355
9,"shells",1989,6.47956452759869
6,"shells",1989,20.1839913031628
1,"shells",1989,2.53014486291058
4,"shells",1989,21.6532412108143
8,"shells",1989,29.4234308106668
5,"shells",1989,38.0532965324485
7,"shells",1989,6.49426838243172
10,"shells",1989,11.2918806075226
3,"shells",1989,8.15856885889402
2,"shells",1990,33.1707107559886
9,"shells",1990,6.10053707612356
6,"shells",1990,19.0033121461533
1,"shells",1990,2.38214196006623
4,"shells",1990,20.3866170731344
8,"shells",1990,27.7022830473688
5,"shells",1990,35.827337682361
7,"shells",1990,6.11438081688557
10,"shells",1990,10.6313527725421
3,"shells",1990,7.68132666937654
2,"shells",1991,13.4449330579007
9,"shells",1991,2.47270289771872
6,"shells",1991,7.70252592906213
1,"shells",1991,0.965542747127437
4,"shells",1991,8.26321461248345
8,"shells",1991,11.2284401700873
5,"shells",1991,14.521731545809
7,"shells",1991,2.47831411808676
10,"shells",1991,4.30915778058661
3,"shells",1991,3.11343714113783
2,"shells",1992,1.37393476504095
9,"shells",1992,0.252684967650088
6,"shells",1992,0.787119438006349
1,"shells",1992,0.0986686018962344
4,"shells",1992,0.84441609178663
8,"shells",1992,1.14743184219871
5,"shells",1992,1.48397256672501
7,"shells",1992,0.253258377030763
10,"shells",1992,0.440351889986952
3,"shells",1992,0.318161459678318
2,"shells",1993,3.23856051759652
9,"shells",1993,0.59561456660378
6,"shells",1993,1.85535296101497
1,"shells",1993,0.232575990183981
4,"shells",1993,1.99040935921134
8,"shells",1993,2.70466077089695
5,"shells",1993,3.49793533585181
7,"shells",1993,0.596966174429656
10,"shells",1993,1.0379723121121
3,"shells",1993,0.749952012098893
2,"shells",1994,8.83243777526323
9,"shells",1994,1.62440336346485
6,"shells",1994,5.06005353004082
1,"shells",1994,0.634298155047221
4,"shells",1994,5.42838916148548
8,"shells",1994,7.37634755699168
5,"shells",1994,9.53982364323222
7,"shells",1994,1.62808956662634
10,"shells",1994,2.83083357848755
3,"shells",1994,2.04532366936062
2,"shells",1995,28.8526300658599
9,"shells",1995,5.30638432065185
6,"shells",1995,16.5295081981333
1,"shells",1995,2.07204063982092
4,"shells",1995,17.7327379275192
8,"shells",1995,24.0960686861728
5,"shells",1995,31.1634239012252
7,"shells",1995,5.31842591764603
10,"shells",1995,9.247389689726
3,"shells",1995,6.68139065324468
2,"shells",1996,28.4600772758482
9,"shells",1996,5.23418861560897
6,"shells",1996,16.3046169301315
1,"shells",1996,2.04384961070771
4,"shells",1996,17.4914761870088
8,"shells",1996,23.7682310169732
5,"shells",1996,30.7394317393038
7,"shells",1996,5.24606638135153
10,"shells",1996,9.12157486401544
3,"shells",1996,6.59048737905088
2,"shells",1997,26.3010369307838
9,"shells",1997,4.83711223787312
6,"shells",1997,15.0677149561215
1,"shells",1997,1.88879895058506
4,"shells",1997,16.1645366142012
8,"shells",1997,21.9651238363752
5,"shells",1997,28.4074748487359
7,"shells",1997,4.84808893173175
10,"shells",1997,8.42959332260737
3,"shells",1997,6.09051937098495
2,"shells",1998,20.5599523768627
9,"shells",1998,3.78125005162096
6,"shells",1998,11.778680161595
1,"shells",1998,1.47650514980436
4,"shells",1998,12.6360836592356
8,"shells",1998,17.1704979243306
5,"shells",1998,22.206589480635
7,"shells",1998,3.78983071342464
10,"shells",1998,6.58955149659047
3,"shells",1998,4.76105898590055
2,"shells",1999,0.343483691260237
9,"shells",1999,0.0631712419125221
6,"shells",1999,0.196779859501587
1,"shells",1999,0.0246671504740586
4,"shells",1999,0.211104022946658
8,"shells",1999,0.286857960549676
5,"shells",1999,0.370993141681253
7,"shells",1999,0.0633145942576908
10,"shells",1999,0.110087972496738
3,"shells",1999,0.0795403649195795
2,"shells",2000,0.686967382520474
9,"shells",2000,0.126342483825044
6,"shells",2000,0.393559719003175
1,"shells",2000,0.0493343009481172
4,"shells",2000,0.422208045893315
8,"shells",2000,0.573715921099353
5,"shells",2000,0.741986283362506
7,"shells",2000,0.126629188515382
10,"shells",2000,0.220175944993476
3,"shells",2000,0.159080729839159
2,"shells",2001,0.883243777526323
9,"shells",2001,0.162440336346485
6,"shells",2001,0.506005353004082
1,"shells",2001,0.0634298155047221
4,"shells",2001,0.542838916148548
8,"shells",2001,0.737634755699168
5,"shells",2001,0.953982364323222
7,"shells",2001,0.162808956662634
10,"shells",2001,0.283083357848755
3,"shells",2001,0.204532366936062
2,"shells",2002,1.61928025879826
9,"shells",2002,0.29780728330189
6,"shells",2002,0.927676480507483
1,"shells",2002,0.116287995091991
4,"shells",2002,0.995204679605671
8,"shells",2002,1.35233038544847
5,"shells",2002,1.74896766792591
7,"shells",2002,0.298483087214828
10,"shells",2002,0.518986156056051
3,"shells",2002,0.374976006049446
2,"shells",2003,2.50252403632458
9,"shells",2003,0.460247619648375
6,"shells",2003,1.43368183351156
1,"shells",2003,0.179717810596713
4,"shells",2003,1.53804359575422
8,"shells",2003,2.08996514114764
5,"shells",2003,2.70295003224913
7,"shells",2003,0.461292043877462
10,"shells",2003,0.802069513904806
3,"shells",2003,0.579508372985508
2,"shells",2004,2.50252403632458
9,"shells",2004,0.460247619648375
6,"shells",2004,1.43368183351156
1,"shells",2004,0.179717810596713
4,"shells",2004,1.53804359575422
8,"shells",2004,2.08996514114764
5,"shells",2004,2.70295003224913
7,"shells",2004,0.461292043877462
10,"shells",2004,0.802069513904806
3,"shells",2004,0.579508372985508
2,"shells",2005,2.20810944381581
9,"shells",2005,0.406100840866213
6,"shells",2005,1.2650133825102
1,"shells",2005,0.158574538761805
4,"shells",2005,1.35709729037137
8,"shells",2005,1.84408688924792
5,"shells",2005,2.38495591080805
7,"shells",2005,0.407022391656584
10,"shells",2005,0.707708394621888
3,"shells",2005,0.511330917340154
2,"shells",2006,1.61928025879826
9,"shells",2006,0.29780728330189
6,"shells",2006,0.927676480507483
1,"shells",2006,0.116287995091991
4,"shells",2006,0.995204679605671
8,"shells",2006,1.35233038544847
5,"shells",2006,1.74896766792591
7,"shells",2006,0.298483087214828
10,"shells",2006,0.518986156056051
3,"shells",2006,0.374976006049446
2,"shells",2007,0.932312876277786
9,"shells",2007,0.171464799476846
6,"shells",2007,0.534116761504309
1,"shells",2007,0.0669536941438733
4,"shells",2007,0.572996633712356
8,"shells",2007,0.778614464349122
5,"shells",2007,1.0069813845634
7,"shells",2007,0.171853898699447
10,"shells",2007,0.298810211062575
3,"shells",2007,0.215895276210287
2,"shells",2008,0.588829185017549
9,"shells",2008,0.108293557564324
6,"shells",2008,0.337336902002721
1,"shells",2008,0.0422865436698147
4,"shells",2008,0.361892610765699
8,"shells",2008,0.491756503799445
5,"shells",2008,0.635988242882148
7,"shells",2008,0.108539304441756
10,"shells",2008,0.188722238565837
3,"shells",2008,0.136354911290708
2,"shells",2009,0.785105580023398
9,"shells",2009,0.144391410085765
6,"shells",2009,0.449782536003628
1,"shells",2009,0.0563820582264197
4,"shells",2009,0.482523481020931
8,"shells",2009,0.655675338399261
5,"shells",2009,0.847984323842864
7,"shells",2009,0.144719072589008
10,"shells",2009,0.251629651421116
3,"shells",2009,0.18180654838761
2,"shells",2010,0.719680115021449
9,"shells",2010,0.132358792578618
6,"shells",2010,0.412300658003326
1,"shells",2010,0.0516835533742181
4,"shells",2010,0.442313190935854
8,"shells",2010,0.601035726865989
5,"shells",2010,0.777318963522626
7,"shells",2010,0.132659149873257
10,"shells",2010,0.23066051380269
3,"shells",2010,0.166656002688643
2,"shells",2011,0.490690987514624
9,"shells",2011,0.090244631303603
6,"shells",2011,0.281114085002268
1,"shells",2011,0.0352387863915123
4,"shells",2011,0.301577175638082
8,"shells",2011,0.409797086499538
5,"shells",2011,0.52999020240179
7,"shells",2011,0.0904494203681298
10,"shells",2011,0.157268532138197
3,"shells",2011,0.113629092742256
2,"sponges",1990,1.0468074400312
9,"sponges",1990,0.192521880114353
6,"sponges",1990,0.599710048004837
1,"sponges",1990,0.0751760776352262
4,"sponges",1990,0.643364641361242
8,"sponges",1990,0.874233784532347
5,"sponges",1990,1.13064576512382
7,"sponges",1990,0.19295876345201
10,"sponges",1990,0.335506201894821
3,"sponges",1990,0.24240873118348
2,"sponges",1991,0.834174678774861
9,"sponges",1991,0.153415873216125
6,"sponges",1991,0.477893944503855
1,"sponges",1991,0.0599059368655709
4,"sponges",1991,0.51268119858474
8,"sponges",1991,0.696655047049214
5,"sponges",1991,0.900983344083043
7,"sponges",1991,0.153764014625821
10,"sponges",1991,0.267356504634935
3,"sponges",1991,0.193169457661836
2,"sponges",1992,1.37393476504095
9,"sponges",1992,0.252684967650088
6,"sponges",1992,0.787119438006349
1,"sponges",1992,0.0986686018962344
4,"sponges",1992,0.84441609178663
8,"sponges",1992,1.14743184219871
5,"sponges",1992,1.48397256672501
7,"sponges",1992,0.253258377030763
10,"sponges",1992,0.440351889986952
3,"sponges",1992,0.318161459678318
2,"sponges",1993,1.71741845630118
9,"sponges",1993,0.31585620956261
6,"sponges",1993,0.983899297507937
1,"sponges",1993,0.123335752370293
4,"sponges",1993,1.05552011473329
8,"sponges",1993,1.43428980274838
5,"sponges",1993,1.85496570840626
7,"sponges",1993,0.316572971288454
10,"sponges",1993,0.55043986248369
3,"sponges",1993,0.397701824597898
2,"sponges",1994,1.61928025879826
9,"sponges",1994,0.29780728330189
6,"sponges",1994,0.927676480507483
1,"sponges",1994,0.116287995091991
4,"sponges",1994,0.995204679605671
8,"sponges",1994,1.35233038544847
5,"sponges",1994,1.74896766792591
7,"sponges",1994,0.298483087214828
10,"sponges",1994,0.518986156056051
3,"sponges",1994,0.374976006049446
2,"sponges",1995,2.69880043133043
9,"sponges",1995,0.496345472169816
6,"sponges",1995,1.54612746751247
1,"sponges",1995,0.193813325153318
4,"sponges",1995,1.65867446600945
8,"sponges",1995,2.25388397574746
5,"sponges",1995,2.91494611320984
7,"sponges",1995,0.497471812024714
10,"sponges",1995,0.864976926760085
3,"sponges",1995,0.624960010082411
2,"sponges",1996,2.06090214756142
9,"sponges",1996,0.379027451475132
6,"sponges",1996,1.18067915700952
1,"sponges",1996,0.148002902844352
4,"sponges",1996,1.26662413767994
8,"sponges",1996,1.72114776329806
5,"sponges",1996,2.22595885008752
7,"sponges",1996,0.379887565546145
10,"sponges",1996,0.660527834980429
3,"sponges",1996,0.477242189517477
2,"sponges",1997,1.47207296254387
9,"sponges",1997,0.270733893910809
6,"sponges",1997,0.843342255006803
1,"sponges",1997,0.105716359174537
4,"sponges",1997,0.904731526914247
8,"sponges",1997,1.22939125949861
5,"sponges",1997,1.58997060720537
7,"sponges",1997,0.271348261104389
10,"sponges",1997,0.471805596414592
3,"sponges",1997,0.340887278226769
2,"sponges",1998,1.5702111600468
9,"sponges",1998,0.288782820171529
6,"sponges",1998,0.899565072007256
1,"sponges",1998,0.112764116452839
4,"sponges",1998,0.965046962041863
8,"sponges",1998,1.31135067679852
5,"sponges",1998,1.69596864768573
7,"sponges",1998,0.289438145178015
10,"sponges",1998,0.503259302842231
3,"sponges",1998,0.363613096775221
2,"sponges",1999,0.785105580023398
9,"sponges",1999,0.144391410085765
6,"sponges",1999,0.449782536003628
1,"sponges",1999,0.0563820582264197
4,"sponges",1999,0.482523481020931
8,"sponges",1999,0.655675338399261
5,"sponges",1999,0.847984323842864
7,"sponges",1999,0.144719072589008
10,"sponges",1999,0.251629651421116
3,"sponges",1999,0.18180654838761
2,"sponges",2000,0.686967382520474
9,"sponges",2000,0.126342483825044
6,"sponges",2000,0.393559719003175
1,"sponges",2000,0.0493343009481172
4,"sponges",2000,0.422208045893315
8,"sponges",2000,0.573715921099353
5,"sponges",2000,0.741986283362506
7,"sponges",2000,0.126629188515382
10,"sponges",2000,0.220175944993476
3,"sponges",2000,0.159080729839159
2,"sponges",2001,0.637898283769011
9,"sponges",2001,0.117318020694684
6,"sponges",2001,0.365448310502948
1,"sponges",2001,0.045810422308966
4,"sponges",2001,0.392050328329507
8,"sponges",2001,0.532736212449399
5,"sponges",2001,0.688987263122327
7,"sponges",2001,0.117584246478569
10,"sponges",2001,0.204449091779656
3,"sponges",2001,0.147717820564933
2,"sponges",2002,0.343483691260237
9,"sponges",2002,0.0631712419125221
6,"sponges",2002,0.196779859501587
1,"sponges",2002,0.0246671504740586
4,"sponges",2002,0.211104022946658
8,"sponges",2002,0.286857960549676
5,"sponges",2002,0.370993141681253
7,"sponges",2002,0.0633145942576908
10,"sponges",2002,0.110087972496738
3,"sponges",2002,0.0795403649195795
2,"sponges",2003,0
9,"sponges",2003,0
6,"sponges",2003,0
1,"sponges",2003,0
4,"sponges",2003,0
8,"sponges",2003,0
5,"sponges",2003,0
7,"sponges",2003,0
10,"sponges",2003,0
3,"sponges",2003,0
2,"sponges",2004,0.0981381975029248
9,"sponges",2004,0.0180489262607206
6,"sponges",2004,0.0562228170004535
1,"sponges",2004,0.00704775727830246
4,"sponges",2004,0.0603154351276164
8,"sponges",2004,0.0819594172999076
5,"sponges",2004,0.105998040480358
7,"sponges",2004,0.0180898840736259
10,"sponges",2004,0.0314537064276395
3,"sponges",2004,0.0227258185484513
2,"sponges",2005,875.981550911107
9,"sponges",2005,161.104715803192
6,"sponges",2005,501.844864546048
1,"sponges",2005,62.9082814661277
4,"sponges",2005,538.375573949104
8,"sponges",2005,731.569758818975
5,"sponges",2005,946.138509327675
7,"sponges",2005,161.470305241185
10,"sponges",2005,280.75578357311
3,"sponges",2005,202.850656363476
2,"sponges",2006,1822.47539672807
9,"sponges",2006,335.177585124712
6,"sponges",2006,1044.08582310692
1,"sponges",2006,130.880376536716
4,"sponges",2006,1120.0877880374
8,"sponges",2006,1522.02735896793
5,"sponges",2006,1968.43661074049
7,"sponges",2006,335.938192189271
10,"sponges",2006,584.111055214478
3,"sponges",2006,422.029813354015
2,"sponges",2007,2874.12432116941
9,"sponges",2007,528.589878934594
6,"sponges",2007,1646.56953008378
1,"sponges",2007,206.404143531005
4,"sponges",2007,1766.42799086494
8,"sponges",2007,2400.30447475374
5,"sponges",2007,3104.311612528
7,"sponges",2007,529.789389922246
10,"sponges",2007,921.168973293063
3,"sponges",2007,665.559684919219
2,"sponges",2008,3769.78258067985
9,"sponges",2008,693.31340445306
6,"sponges",2008,2159.68706943842
1,"sponges",2008,270.725500331432
4,"sponges",2008,2316.89680955713
8,"sponges",2008,3148.30709674135
5,"sponges",2008,4071.70272897199
7,"sponges",2008,694.886716920194
10,"sponges",2008,1208.23122500491
3,"sponges",2008,872.96686790166
2,"sponges",2009,3787.25117983537
9,"sponges",2009,696.526113327468
6,"sponges",2009,2169.6947308645
1,"sponges",2009,271.98000112697
4,"sponges",2009,2327.63295700985
8,"sponges",2009,3162.89587302073
5,"sponges",2009,4090.57038017749
7,"sponges",2009,698.106716285299
10,"sponges",2009,1213.82998474903
3,"sponges",2009,877.012063603284
2,"sponges",2010,3787.67644535789
9,"sponges",2010,696.604325341266
6,"sponges",2010,2169.93836307151
1,"sponges",2010,272.01054140851
4,"sponges",2010,2327.8943238954
8,"sponges",2010,3163.2510304957
5,"sponges",2010,4091.02970501958
7,"sponges",2010,698.185105782953
10,"sponges",2010,1213.96628414356
3,"sponges",2010,877.110542150329
2,"sponges",2011,3578.21681915414
9,"sponges",2011,658.081900392133
6,"sponges",2011,2049.94013065354
1,"sponges",2011,256.968278124186
4,"sponges",2011,2199.16108018802
8,"sponges",2011,2988.32231417193
5,"sponges",2011,3864.79455395433
7,"sponges",2011,659.575263208476
10,"sponges",2011,1146.83359005816
3,"sponges",2011,828.606070095083
